Carrier Code,Date (MM/DD/YYYY),Flight Number,Tail Number,Origin Airport,Scheduled Arrival Time,Actual Arrival Time,Scheduled Elapsed Time (Minutes),Actual Elapsed Time (Minutes),Arrival Delay (Minutes),Wheels-on Time,Taxi-In time (Minutes),Delay Carrier (Minutes),Delay Weather (Minutes),Delay National Aviation System (Minutes),Delay Security (Minutes),Delay Late Aircraft Arrival (Minutes)
UA,1/1/2022,1282,N4901U,IAD,23:10,0:01,70,76,51,23:55,6,23,0,6,0,22
UA,1/2/2022,1282,N4901U,IAD,23:10,23:27,70,64,17,23:19,8,17,0,0,0,0
UA,1/3/2022,1282,N893UA,IAD,23:10,23:31,70,68,21,23:25,6,21,0,0,0,0
UA,1/4/2022,1282,N814UA,IAD,23:44,1:59,69,89,135,1:55,4,115,0,20,0,0
UA,1/5/2022,1282,N827UA,IAD,23:44,23:30,69,61,-14,23:25,5,0,0,0,0,0
UA,1/6/2022,1282,N485UA,IAD,23:44,23:45,69,66,1,23:38,7,0,0,0,0,0
UA,1/7/2022,1282,N423UA,IAD,23:44,0:01,69,78,17,23:52,9,8,0,9,0,0
UA,1/8/2022,1282,N893UA,IAD,23:44,23:38,69,63,-6,23:33,5,0,0,0,0,0
UA,1/9/2022,1282,N854UA,IAD,23:44,1:26,69,72,102,1:19,7,99,0,3,0,0
UA,1/10/2022,1282,N810UA,IAD,23:44,0:14,69,77,30,0:08,6,0,22,8,0,0
UA,1/11/2022,1282,N880UA,IAD,23:44,23:26,69,59,-18,23:18,8,0,0,0,0,0
UA,1/12/2022,1282,N871UA,IAD,23:44,23:30,69,67,-14,23:24,6,0,0,0,0,0
UA,1/13/2022,1282,N845UA,IAD,23:44,23:41,69,60,-3,23:37,4,0,0,0,0,0
UA,1/14/2022,1282,N469UA,IAD,23:44,23:37,69,72,-7,23:24,13,0,0,0,0,0
UA,1/15/2022,1282,N818UA,IAD,23:44,23:36,69,64,-8,23:31,5,0,0,0,0,0
UA,1/16/2022,1282,,IAD,23:44,0:00,69,0,0,0:00,0,0,0,0,0,0
UA,1/17/2022,1282,N420UA,IAD,23:44,23:55,69,75,11,23:50,5,0,0,0,0,0
UA,1/18/2022,1282,N833UA,IAD,23:44,23:36,69,66,-8,23:30,6,0,0,0,0,0
UA,1/19/2022,1282,N877UA,IAD,23:44,23:35,69,68,-9,23:30,5,0,0,0,0,0
UA,1/20/2022,1282,N825UA,IAD,23:44,23:25,69,65,-19,23:20,5,0,0,0,0,0
UA,1/21/2022,1282,N416UA,IAD,23:44,23:28,69,63,-16,23:23,5,0,0,0,0,0
UA,1/22/2022,1282,N803UA,IAD,23:44,0:05,69,64,21,23:59,6,21,0,0,0,0
UA,1/23/2022,1282,N489UA,IAD,23:44,0:04,69,95,20,23:31,33,0,0,20,0,0
UA,1/24/2022,1282,N449UA,IAD,23:44,23:28,69,66,-16,23:23,5,0,0,0,0,0
UA,1/25/2022,1282,N490UA,IAD,23:44,23:33,69,68,-11,23:24,9,0,0,0,0,0
UA,1/26/2022,1282,N827UA,IAD,23:44,23:33,69,70,-11,23:28,5,0,0,0,0,0
UA,1/27/2022,1282,N414UA,IAD,23:44,23:28,69,67,-16,23:22,6,0,0,0,0,0
UA,1/28/2022,1282,N421UA,IAD,23:44,23:50,69,75,6,23:46,4,0,0,0,0,0
UA,1/29/2022,1282,N469UA,IAD,23:44,23:36,69,75,-8,23:30,6,0,0,0,0,0
UA,1/30/2022,1282,N828UA,IAD,23:44,23:37,69,69,-7,23:30,7,0,0,0,0,0
UA,1/31/2022,1282,N472UA,IAD,23:44,23:34,69,67,-10,23:30,4,0,0,0,0,0
UA,2/1/2022,1282,N834UA,IAD,23:44,23:27,69,67,-17,23:22,5,0,0,0,0,0
UA,2/2/2022,1282,N876UA,IAD,23:44,23:25,69,63,-19,23:20,5,0,0,0,0,0
UA,2/3/2022,1282,,IAD,23:44,0:00,69,0,0,0:00,0,0,0,0,0,0
UA,2/4/2022,1282,N417UA,IAD,23:44,23:43,69,71,-1,23:31,12,0,0,0,0,0
UA,2/5/2022,1874,N831UA,IAD,23:44,23:31,69,64,-13,23:25,6,0,0,0,0,0
UA,2/6/2022,1874,N828UA,IAD,23:44,23:34,69,60,-10,23:29,5,0,0,0,0,0
UA,2/7/2022,1874,N876UA,IAD,23:44,23:30,69,64,-14,23:25,5,0,0,0,0,0
UA,2/8/2022,1874,N824UA,IAD,23:44,23:36,69,67,-8,23:29,7,0,0,0,0,0
UA,2/9/2022,1874,N436UA,IAD,23:44,23:57,69,63,13,23:53,4,0,0,0,0,0
UA,2/10/2022,1874,N445UA,IAD,23:44,23:29,69,66,-15,23:25,4,0,0,0,0,0
UA,2/11/2022,1094,N489UA,ORD,20:59,21:28,109,109,29,21:22,6,29,0,0,0,0
UA,2/11/2022,1200,N853UA,DEN,15:09,14:52,199,185,-17,14:47,5,0,0,0,0,0
UA,2/11/2022,1874,N66828,IAD,23:29,23:16,69,67,-13,23:10,6,0,0,0,0,0
UA,2/12/2022,1094,N838UA,ORD,20:59,21:47,109,98,48,21:41,6,39,0,0,0,9
UA,2/12/2022,1200,N818UA,DEN,15:09,15:25,199,196,16,15:20,5,16,0,0,0,0
UA,2/12/2022,1874,N62889,IAD,23:29,23:21,69,66,-8,23:16,5,0,0,0,0,0
UA,2/13/2022,1094,N880UA,ORD,20:59,20:52,109,104,-7,20:46,6,0,0,0,0,0
UA,2/13/2022,1200,N483UA,DEN,15:09,14:59,199,188,-10,14:53,6,0,0,0,0,0
UA,2/13/2022,1874,N68811,IAD,23:29,23:21,69,64,-8,23:15,6,0,0,0,0,0
UA,2/14/2022,1094,N823UA,ORD,20:59,20:47,109,99,-12,20:42,5,0,0,0,0,0
UA,2/14/2022,1200,N403UA,DEN,15:09,15:14,199,195,5,15:08,6,0,0,0,0,0
UA,2/14/2022,1874,N66848,IAD,23:29,23:19,69,67,-10,23:13,6,0,0,0,0,0
UA,2/15/2022,1094,N825UA,ORD,20:59,20:52,109,105,-7,20:48,4,0,0,0,0,0
UA,2/15/2022,1200,N873UA,DEN,15:09,14:55,199,188,-14,14:50,5,0,0,0,0,0
UA,2/15/2022,1874,N66893,IAD,23:29,23:04,69,61,-25,22:59,5,0,0,0,0,0
UA,2/16/2022,1094,N876UA,ORD,20:59,21:40,109,90,41,21:35,5,0,0,0,0,41
UA,2/16/2022,1200,N881UA,DEN,15:09,14:45,199,173,-24,14:40,5,0,0,0,0,0
UA,2/16/2022,1874,N68807,IAD,23:29,23:22,69,74,-7,23:18,4,0,0,0,0,0
UA,2/17/2022,1094,N825UA,ORD,20:59,22:40,109,103,101,22:33,7,0,0,0,0,101
UA,2/17/2022,1200,N821UA,DEN,15:09,15:28,199,182,19,15:24,4,19,0,0,0,0
UA,2/17/2022,1874,N28478,IAD,23:29,0:14,69,61,45,0:09,5,0,0,0,0,45
UA,2/18/2022,1094,N419UA,ORD,20:59,20:54,109,102,-5,20:48,6,0,0,0,0,0
UA,2/18/2022,1200,N838UA,DEN,15:09,14:52,199,183,-17,14:46,6,0,0,0,0,0
UA,2/18/2022,1874,N36469,IAD,23:29,23:42,69,67,13,23:36,6,0,0,0,0,0
UA,2/19/2022,1094,N424UA,ORD,20:59,21:11,109,95,12,21:05,6,0,0,0,0,0
UA,2/19/2022,1200,N460UA,DEN,15:09,15:16,199,194,7,15:11,5,0,0,0,0,0
UA,2/19/2022,1874,N64809,IAD,23:29,23:37,69,73,8,23:31,6,0,0,0,0,0
UA,2/20/2022,1094,N818UA,ORD,20:59,21:47,109,106,48,21:43,4,0,0,0,0,48
UA,2/20/2022,1200,N822UA,DEN,15:09,14:47,199,180,-22,14:41,6,0,0,0,0,0
UA,2/20/2022,1874,N69830,IAD,23:29,23:22,69,65,-7,23:17,5,0,0,0,0,0
UA,2/21/2022,1094,N836UA,ORD,20:59,20:40,109,100,-19,20:36,4,0,0,0,0,0
UA,2/21/2022,1200,N811UA,DEN,15:09,14:54,199,181,-15,14:49,5,0,0,0,0,0
UA,2/21/2022,1874,N69804,IAD,23:29,23:21,69,67,-8,23:17,4,0,0,0,0,0
UA,2/22/2022,1094,N816UA,ORD,20:59,20:35,109,88,-24,20:30,5,0,0,0,0,0
UA,2/22/2022,1200,N484UA,DEN,15:09,15:48,199,210,39,15:43,5,17,0,11,0,11
UA,2/22/2022,1874,N62889,IAD,23:29,0:02,69,65,33,23:57,5,0,0,0,0,33
UA,2/23/2022,1094,N422UA,ORD,20:59,20:33,109,86,-26,20:28,5,0,0,0,0,0
UA,2/23/2022,1200,N819UA,DEN,15:09,14:51,199,173,-18,14:46,5,0,0,0,0,0
UA,2/23/2022,1874,N69818,IAD,23:29,23:18,69,61,-11,23:13,5,0,0,0,0,0
UA,2/24/2022,1094,N871UA,ORD,20:59,21:57,109,159,58,21:53,4,8,0,50,0,0
UA,2/24/2022,1200,N828UA,DEN,15:09,14:56,199,175,-13,14:52,4,0,0,0,0,0
UA,2/24/2022,1874,N69885,IAD,23:29,23:19,69,60,-10,23:15,4,0,0,0,0,0
UA,2/25/2022,1094,N415UA,ORD,20:59,20:59,109,97,0,20:52,7,0,0,0,0,0
UA,2/25/2022,1200,,DEN,15:09,0:00,199,0,0,0:00,0,0,0,0,0,0
UA,2/25/2022,1874,N37422,IAD,23:29,1:48,69,71,139,1:43,5,0,0,2,0,137
UA,2/26/2022,1094,N403UA,ORD,20:59,20:50,109,101,-9,20:45,5,0,0,0,0,0
UA,2/26/2022,1200,N873UA,DEN,15:09,15:22,199,207,13,15:17,5,0,0,0,0,0
UA,2/26/2022,1874,N78438,IAD,23:29,23:33,69,65,4,23:28,5,0,0,0,0,0
UA,2/27/2022,1094,N485UA,ORD,20:59,21:01,109,112,2,20:56,5,0,0,0,0,0
UA,2/27/2022,1200,N895UA,DEN,15:09,15:20,199,198,11,15:14,6,0,0,0,0,0
UA,2/27/2022,1874,N65832,IAD,23:29,23:24,69,68,-5,23:19,5,0,0,0,0,0
UA,2/28/2022,1094,N808UA,ORD,20:59,21:03,109,102,4,20:59,4,0,0,0,0,0
UA,2/28/2022,1200,N824UA,DEN,15:09,15:00,199,185,-9,14:54,6,0,0,0,0,0
UA,2/28/2022,1874,N64844,IAD,23:29,23:32,69,64,3,23:27,5,0,0,0,0,0
UA,3/1/2022,1094,N852UA,ORD,20:59,20:51,109,103,-8,20:46,5,0,0,0,0,0
UA,3/1/2022,1200,N823UA,DEN,15:09,15:02,199,190,-7,14:56,6,0,0,0,0,0
UA,3/1/2022,1874,N28478,IAD,23:29,23:34,69,80,5,23:28,6,0,0,0,0,0
UA,3/2/2022,1094,N484UA,ORD,20:59,20:52,109,107,-7,20:46,6,0,0,0,0,0
UA,3/2/2022,1200,N4888U,DEN,15:09,14:52,199,188,-17,14:46,6,0,0,0,0,0
UA,3/2/2022,1874,N61882,IAD,23:29,23:30,69,72,1,23:23,7,0,0,0,0,0
UA,3/3/2022,1094,N827UA,ORD,20:59,21:34,109,111,35,21:28,6,33,0,2,0,0
UA,3/3/2022,1200,N892UA,DEN,15:09,14:52,199,185,-17,14:47,5,0,0,0,0,0
UA,3/4/2022,1094,N839UA,ORD,20:58,20:32,109,90,-26,20:27,5,0,0,0,0,0
UA,3/4/2022,1200,N471UA,DEN,15:05,15:50,200,180,45,15:46,4,4,0,0,0,41
UA,3/4/2022,1874,N829UA,IAD,23:19,23:25,69,75,6,23:21,4,0,0,0,0,0
UA,3/5/2022,1094,N821UA,ORD,20:58,21:23,109,108,25,21:19,4,5,0,0,0,20
UA,3/5/2022,1200,N408UA,DEN,15:05,15:10,200,197,5,15:06,4,0,0,0,0,0
UA,3/5/2022,1874,N879UA,IAD,23:19,23:17,69,69,-2,23:12,5,0,0,0,0,0
UA,3/6/2022,1094,N892UA,ORD,20:58,21:29,109,101,31,21:23,6,0,0,0,0,31
UA,3/6/2022,1200,N404UA,DEN,15:05,17:04,200,227,119,16:59,5,0,92,27,0,0
UA,3/6/2022,1874,N833UA,IAD,23:19,23:12,69,64,-7,23:08,4,0,0,0,0,0
UA,3/7/2022,1094,N893UA,ORD,20:58,20:54,109,105,-4,20:39,15,0,0,0,0,0
UA,3/7/2022,1200,N453UA,DEN,15:05,15:01,200,194,-4,14:37,24,0,0,0,0,0
UA,3/7/2022,1874,N822UA,IAD,23:19,0:23,69,59,64,0:18,5,64,0,0,0,0
UA,3/8/2022,1094,N892UA,ORD,20:58,20:34,109,90,-24,20:29,5,0,0,0,0,0
UA,3/8/2022,1200,N458UA,DEN,15:05,15:20,200,202,15,15:14,6,13,0,2,0,0
UA,3/8/2022,1874,N811UA,IAD,23:19,23:07,69,63,-12,23:01,6,0,0,0,0,0
UA,3/9/2022,1094,N893UA,ORD,20:58,20:56,109,108,-2,20:51,5,0,0,0,0,0
UA,3/9/2022,1200,N453UA,DEN,15:05,15:06,200,190,1,14:59,7,0,0,0,0,0
UA,3/9/2022,1874,N873UA,IAD,23:19,0:18,69,101,59,0:12,6,3,0,32,0,24
UA,3/10/2022,1094,N816UA,ORD,20:58,21:14,109,89,16,21:09,5,2,0,0,0,14
UA,3/10/2022,1200,N488UA,DEN,15:05,15:03,200,176,-2,14:58,5,0,0,0,0,0
UA,3/10/2022,1874,N846UA,IAD,23:19,23:15,69,64,-4,23:10,5,0,0,0,0,0
UA,3/11/2022,1094,N878UA,ORD,20:58,20:48,109,96,-10,20:43,5,0,0,0,0,0
UA,3/11/2022,1200,N453UA,DEN,15:05,14:38,200,175,-27,14:32,6,0,0,0,0,0
UA,3/11/2022,1874,N851UA,IAD,23:19,23:23,69,67,4,23:16,7,0,0,0,0,0
UA,3/12/2022,1094,N818UA,ORD,20:58,21:10,109,115,12,21:06,4,0,0,0,0,0
UA,3/12/2022,1200,N416UA,DEN,15:05,15:07,200,197,2,15:01,6,0,0,0,0,0
UA,3/12/2022,1874,N828UA,IAD,23:19,0:24,69,70,65,0:19,5,64,0,1,0,0
UA,3/13/2022,1094,N845UA,ORD,20:58,20:43,109,95,-15,20:39,4,0,0,0,0,0
UA,3/13/2022,1200,N469UA,DEN,15:05,15:03,200,187,-2,14:59,4,0,0,0,0,0
UA,3/13/2022,1874,N897UA,IAD,23:19,23:33,69,67,14,23:28,5,0,0,0,0,0
UA,3/14/2022,1094,N877UA,ORD,20:58,20:46,109,101,-12,20:39,7,0,0,0,0,0
UA,3/14/2022,1200,N469UA,DEN,15:05,15:06,200,190,1,15:00,6,0,0,0,0,0
UA,3/14/2022,1874,N878UA,IAD,23:19,0:25,69,61,66,0:22,3,4,0,0,0,62
UA,3/15/2022,1094,N854UA,ORD,20:58,20:46,109,103,-12,20:38,8,0,0,0,0,0
UA,3/15/2022,1200,N460UA,DEN,15:05,14:55,200,189,-10,14:50,5,0,0,0,0,0
UA,3/15/2022,1874,N816UA,IAD,23:19,23:15,69,71,-4,23:09,6,0,0,0,0,0
UA,3/16/2022,1094,N812UA,ORD,20:58,21:21,109,94,23,21:17,4,5,0,0,0,18
UA,3/16/2022,1200,N407UA,DEN,15:05,14:48,200,185,-17,14:43,5,0,0,0,0,0
UA,3/16/2022,1874,N4888U,IAD,23:19,23:19,69,61,0,23:15,4,0,0,0,0,0
UA,3/17/2022,1094,N817UA,ORD,20:58,21:22,109,127,24,21:00,22,0,0,18,0,6
UA,3/17/2022,1200,N489UA,DEN,15:05,20:22,200,189,317,20:16,6,221,0,0,0,96
UA,3/17/2022,1874,N892UA,IAD,23:19,23:35,69,70,16,23:30,5,15,0,1,0,0
UA,3/18/2022,1094,N814UA,ORD,20:58,20:48,109,102,-10,20:44,4,0,0,0,0,0
UA,3/18/2022,1200,N473UA,DEN,15:05,14:54,200,191,-11,14:51,3,0,0,0,0,0
UA,3/18/2022,1874,N845UA,IAD,23:19,1:07,69,65,108,1:03,4,0,0,0,0,108
UA,3/19/2022,1094,N879UA,ORD,20:58,20:52,109,108,-6,20:47,5,0,0,0,0,0
UA,3/19/2022,1200,N454UA,DEN,15:05,0:00,200,0,0,0:00,0,0,0,0,0,0
UA,3/19/2022,1874,N848UA,IAD,23:19,23:24,69,67,5,23:19,5,0,0,0,0,0
UA,3/20/2022,1094,N822UA,ORD,20:58,20:55,109,105,-3,20:50,5,0,0,0,0,0
UA,3/20/2022,1200,N410UA,DEN,15:05,15:58,200,206,53,15:52,6,6,0,6,0,41
UA,3/20/2022,1874,N853UA,IAD,23:19,23:42,69,73,23,23:36,6,19,0,4,0,0
UA,3/21/2022,1094,N844UA,ORD,20:58,20:45,109,100,-13,20:41,4,0,0,0,0,0
UA,3/21/2022,1200,N493UA,DEN,15:05,15:13,200,198,8,15:07,6,0,0,0,0,0
UA,3/21/2022,1874,N898UA,IAD,23:19,23:28,69,75,9,23:23,5,0,0,0,0,0
UA,3/22/2022,1094,N854UA,ORD,20:58,20:57,109,90,-1,20:53,4,0,0,0,0,0
UA,3/22/2022,1200,N469UA,DEN,15:05,15:04,200,192,-1,15:01,3,0,0,0,0,0
UA,3/22/2022,1874,N846UA,IAD,23:19,0:30,69,62,71,0:25,5,0,0,0,0,71
UA,3/23/2022,1094,N809UA,ORD,20:58,21:25,109,111,27,21:21,4,6,0,2,0,19
UA,3/23/2022,1200,N467UA,DEN,15:05,15:33,200,203,28,15:29,4,25,0,3,0,0
UA,3/23/2022,1874,N820UA,IAD,23:19,23:37,69,64,18,23:33,4,18,0,0,0,0
UA,3/24/2022,1094,N852UA,ORD,20:58,20:51,109,103,-7,20:45,6,0,0,0,0,0
UA,3/24/2022,1200,N414UA,DEN,15:05,14:57,200,191,-8,14:52,5,0,0,0,0,0
UA,3/24/2022,1874,N844UA,IAD,23:19,23:25,69,66,6,23:19,6,0,0,0,0,0
UA,3/25/2022,1094,N828UA,ORD,20:58,21:14,109,109,16,21:09,5,16,0,0,0,0
UA,3/25/2022,1200,N462UA,DEN,15:05,14:51,200,189,-14,14:46,5,0,0,0,0,0
UA,3/25/2022,1874,N423UA,IAD,23:19,23:32,69,68,13,23:26,6,0,0,0,0,0
UA,3/26/2022,1094,N876UA,ORD,20:58,20:49,109,103,-9,20:45,4,0,0,0,0,0
UA,3/26/2022,1200,N449UA,DEN,15:02,15:03,197,202,1,14:58,5,0,0,0,0,0
UA,3/26/2022,1874,N871UA,IAD,23:19,23:30,69,72,11,23:24,6,0,0,0,0,0
UA,3/27/2022,1041,N845UA,DEN,15:11,15:07,202,195,-4,15:02,5,0,0,0,0,0
UA,3/27/2022,1185,N895UA,ORD,22:19,22:03,113,106,-16,21:58,5,0,0,0,0,0
UA,3/27/2022,2027,N822UA,IAD,23:37,23:34,70,75,-3,23:28,6,0,0,0,0,0
UA,3/28/2022,1041,N466UA,DEN,15:06,15:01,198,196,-5,14:55,6,0,0,0,0,0
UA,3/28/2022,1185,N882UA,ORD,21:59,21:43,113,103,-16,21:37,6,0,0,0,0,0
UA,3/28/2022,2027,N875UA,IAD,23:37,23:34,70,72,-3,23:29,5,0,0,0,0,0
UA,3/29/2022,1041,N466UA,DEN,15:06,15:25,198,216,19,15:22,3,0,0,19,0,0
UA,3/29/2022,1185,N872UA,ORD,21:59,0:49,113,96,170,0:44,5,0,0,0,0,170
UA,3/29/2022,2027,N873UA,IAD,23:37,23:25,70,65,-12,23:22,3,0,0,0,0,0
UA,3/30/2022,1041,N407UA,DEN,15:06,14:58,198,194,-8,14:44,14,0,0,0,0,0
UA,3/30/2022,1185,N893UA,ORD,21:59,21:53,113,105,-6,21:48,5,0,0,0,0,0
UA,3/30/2022,2027,N809UA,IAD,23:37,23:23,70,68,-14,23:18,5,0,0,0,0,0
UA,3/31/2022,1041,N493UA,DEN,15:06,14:55,198,195,-11,14:49,6,0,0,0,0,0
UA,3/31/2022,1185,N854UA,ORD,21:59,22:35,113,95,36,22:31,4,13,0,0,0,23
UA,3/31/2022,2027,N845UA,IAD,23:37,1:03,70,59,86,0:58,5,0,0,0,0,86
UA,4/1/2022,1041,N448UA,DEN,15:06,15:09,198,201,3,15:05,4,0,0,0,0,0
UA,4/1/2022,1185,N467UA,ORD,21:59,22:46,113,101,47,22:41,5,0,0,0,0,47
UA,4/1/2022,2027,N844UA,IAD,23:37,1:02,70,70,85,0:56,6,50,0,0,0,35
UA,4/2/2022,1041,N897UA,DEN,15:11,14:54,202,192,-17,14:49,5,0,0,0,0,0
UA,4/2/2022,2027,N830UA,IAD,23:37,23:29,70,63,-8,23:24,5,0,0,0,0,0
UA,4/3/2022,1041,N436UA,DEN,15:11,15:16,202,190,5,15:09,7,0,0,0,0,0
UA,4/3/2022,1185,N844UA,ORD,22:04,22:47,113,98,43,22:42,5,43,0,0,0,0
UA,4/3/2022,2027,N479UA,IAD,23:37,23:38,70,71,1,23:30,8,0,0,0,0,0
UA,4/4/2022,1041,N837UA,DEN,15:06,14:54,198,192,-12,14:49,5,0,0,0,0,0
UA,4/4/2022,1185,N832UA,ORD,21:59,21:29,113,89,-30,21:24,5,0,0,0,0,0
UA,4/4/2022,2027,N850UA,IAD,23:37,23:41,70,85,4,23:36,5,0,0,0,0,0
UA,4/5/2022,1041,N815UA,DEN,15:06,14:38,198,178,-28,14:33,5,0,0,0,0,0
UA,4/5/2022,1185,N848UA,ORD,21:59,22:17,113,94,18,22:12,5,0,0,0,0,18
UA,4/5/2022,2027,N813UA,IAD,23:37,8:11,70,84,514,8:07,4,58,0,14,0,442
UA,4/6/2022,1041,N818UA,DEN,15:06,15:07,198,182,1,15:03,4,0,0,0,0,0
UA,4/6/2022,1185,N844UA,ORD,21:59,21:35,113,99,-24,21:31,4,0,0,0,0,0
UA,4/6/2022,2027,N894UA,IAD,23:37,1:00,70,63,83,0:52,8,83,0,0,0,0
UA,4/7/2022,1041,N877UA,DEN,15:06,16:10,198,205,64,16:05,5,47,0,7,0,10
UA,4/7/2022,1185,N872UA,ORD,21:59,21:54,113,105,-5,21:49,5,0,0,0,0,0
UA,4/7/2022,2027,N829UA,IAD,23:37,23:18,70,57,-19,23:13,5,0,0,0,0,0
UA,4/8/2022,1041,N837UA,DEN,15:06,15:05,198,202,-1,15:01,4,0,0,0,0,0
UA,4/8/2022,1185,N832UA,ORD,21:59,21:51,113,104,-8,21:47,4,0,0,0,0,0
UA,4/8/2022,2027,N848UA,IAD,23:37,23:37,70,62,0,23:31,6,0,0,0,0,0
UA,4/9/2022,1041,N424UA,DEN,15:11,15:08,202,200,-3,15:03,5,0,0,0,0,0
UA,4/9/2022,1185,N817UA,ORD,20:58,20:51,113,104,-7,20:46,5,0,0,0,0,0
UA,4/9/2022,2027,N898UA,IAD,23:37,23:51,70,62,14,23:45,6,0,0,0,0,0
UA,4/10/2022,1041,N826UA,DEN,15:11,14:58,202,188,-13,14:54,4,0,0,0,0,0
UA,4/10/2022,1185,N848UA,ORD,22:04,21:43,113,94,-21,21:39,4,0,0,0,0,0
UA,4/10/2022,2027,N823UA,IAD,23:37,23:40,70,77,3,23:33,7,0,0,0,0,0
UA,4/11/2022,1041,N409UA,DEN,15:06,14:35,198,178,-31,14:30,5,0,0,0,0,0
UA,4/11/2022,1185,N890UA,ORD,21:59,21:46,113,104,-13,21:41,5,0,0,0,0,0
UA,4/11/2022,2027,N827UA,IAD,23:37,23:31,70,67,-6,23:26,5,0,0,0,0,0
UA,4/12/2022,1041,N497UA,DEN,15:06,15:00,198,186,-6,14:54,6,0,0,0,0,0
UA,4/12/2022,1185,N409UA,ORD,21:59,23:48,113,100,109,23:43,5,17,0,0,0,92
UA,4/12/2022,2027,N851UA,IAD,23:37,0:02,70,70,25,23:51,11,25,0,0,0,0
UA,4/13/2022,1041,N461UA,DEN,15:06,15:05,198,197,-1,14:59,6,0,0,0,0,0
UA,4/13/2022,1185,N897UA,ORD,21:59,0:40,113,103,161,0:36,4,24,0,0,0,137
UA,4/13/2022,2027,N896UA,IAD,23:37,23:45,70,61,8,23:40,5,0,0,0,0,0
UA,4/14/2022,1041,N444UA,DEN,15:06,14:59,198,198,-7,14:44,15,0,0,0,0,0
UA,4/14/2022,1185,N847UA,ORD,21:59,21:55,113,102,-4,21:50,5,0,0,0,0,0
UA,4/14/2022,2027,N889UA,IAD,23:37,23:34,70,74,-3,23:28,6,0,0,0,0,0
UA,4/15/2022,1041,N425UA,DEN,15:06,15:01,198,188,-5,14:55,6,0,0,0,0,0
UA,4/15/2022,2027,N36469,IAD,23:37,23:40,70,70,3,23:34,6,0,0,0,0,0
UA,4/16/2022,1041,N850UA,DEN,15:11,15:09,202,186,-2,15:04,5,0,0,0,0,0
UA,4/16/2022,1185,N822UA,ORD,20:58,20:40,113,103,-18,20:36,4,0,0,0,0,0
UA,4/16/2022,2027,N808UA,IAD,23:37,23:34,70,67,-3,23:28,6,0,0,0,0,0
UA,4/17/2022,1041,N834UA,DEN,15:11,15:00,202,193,-11,14:56,4,0,0,0,0,0
UA,4/17/2022,1185,N494UA,ORD,22:04,22:50,113,95,46,22:45,5,6,0,0,0,40
UA,4/17/2022,2027,N877UA,IAD,23:37,23:39,70,72,2,23:31,8,0,0,0,0,0
UA,4/18/2022,1041,N429UA,DEN,15:06,16:00,198,186,54,15:55,5,0,0,0,0,54
UA,4/18/2022,1185,N816UA,ORD,21:59,21:44,113,102,-15,21:39,5,0,0,0,0,0
UA,4/18/2022,2027,N898UA,IAD,23:37,23:29,70,63,-8,23:23,6,0,0,0,0,0
UA,4/19/2022,1041,N463UA,DEN,15:06,15:00,198,192,-6,14:55,5,0,0,0,0,0
UA,4/19/2022,1185,N848UA,ORD,21:59,21:42,113,106,-17,21:34,8,0,0,0,0,0
UA,4/19/2022,2027,N845UA,IAD,23:37,23:29,70,66,-8,23:24,5,0,0,0,0,0
UA,4/20/2022,1041,N408UA,DEN,15:06,15:02,198,190,-4,14:57,5,0,0,0,0,0
UA,4/20/2022,1185,N851UA,ORD,21:59,21:39,113,93,-20,21:34,5,0,0,0,0,0
UA,4/20/2022,2027,N813UA,IAD,23:37,23:25,70,64,-12,23:21,4,0,0,0,0,0
UA,4/21/2022,1041,N406UA,DEN,15:06,14:56,198,181,-10,14:51,5,0,0,0,0,0
UA,4/21/2022,1185,N826UA,ORD,21:59,21:43,113,98,-16,21:39,4,0,0,0,0,0
UA,4/21/2022,2027,N835UA,IAD,23:37,23:33,70,71,-4,23:26,7,0,0,0,0,0
UA,4/22/2022,1041,N427UA,DEN,15:06,14:57,198,199,-9,14:53,4,0,0,0,0,0
UA,4/22/2022,1185,N815UA,ORD,21:59,22:34,113,101,35,22:27,7,35,0,0,0,0
UA,4/22/2022,2027,N822UA,IAD,23:37,23:44,70,65,7,23:38,6,0,0,0,0,0
UA,4/23/2022,1041,N4888U,DEN,15:11,15:17,202,208,6,15:12,5,0,0,0,0,0
UA,4/23/2022,1185,N801UA,ORD,20:58,20:53,113,100,-5,20:48,5,0,0,0,0,0
UA,4/23/2022,2027,N871UA,IAD,23:37,23:25,70,63,-12,23:21,4,0,0,0,0,0
UA,4/24/2022,1041,N813UA,DEN,15:11,14:56,202,190,-15,14:52,4,0,0,0,0,0
UA,4/24/2022,1185,N847UA,ORD,22:04,23:19,113,105,75,23:15,4,2,0,0,0,73
UA,4/24/2022,2027,N402UA,IAD,23:37,0:13,70,57,36,0:09,4,23,0,0,0,13
UA,4/25/2022,1041,N444UA,DEN,15:06,14:54,198,189,-12,14:47,7,0,0,0,0,0
UA,4/25/2022,1185,N836UA,ORD,21:59,21:52,113,113,-7,21:47,5,0,0,0,0,0
UA,4/25/2022,2027,N879UA,IAD,23:37,0:09,70,64,32,0:04,5,32,0,0,0,0
UA,4/26/2022,1041,N401UA,DEN,15:06,15:53,198,185,47,15:48,5,47,0,0,0,0
UA,4/26/2022,1185,N882UA,ORD,21:59,21:37,113,98,-22,21:33,4,0,0,0,0,0
UA,4/26/2022,2027,N839UA,IAD,23:37,0:54,70,59,77,0:49,5,2,0,0,0,75
UA,4/27/2022,1041,N462UA,DEN,15:06,15:00,198,196,-6,14:48,12,0,0,0,0,0
UA,4/27/2022,1185,N878UA,ORD,21:59,21:41,113,100,-18,21:35,6,0,0,0,0,0
UA,4/27/2022,2027,N825UA,IAD,23:37,23:54,70,63,17,23:48,6,17,0,0,0,0
UA,4/28/2022,1041,N823UA,DEN,15:06,15:57,198,200,51,15:54,3,49,0,2,0,0
UA,4/28/2022,1185,N899UA,ORD,21:59,21:42,113,101,-17,21:38,4,0,0,0,0,0
UA,4/28/2022,2027,N898UA,IAD,23:37,23:53,70,71,16,23:47,6,4,0,1,0,11
UA,4/29/2022,1041,N427UA,DEN,15:06,15:06,198,198,0,15:03,3,0,0,0,0,0
UA,4/29/2022,1185,N802UA,ORD,21:59,21:38,113,105,-21,21:34,4,0,0,0,0,0
UA,4/29/2022,2027,N455UA,IAD,23:37,23:54,70,65,17,23:49,5,17,0,0,0,0
UA,4/30/2022,1041,N824UA,DEN,15:11,15:02,202,201,-9,14:58,4,0,0,0,0,0
UA,4/30/2022,1185,N878UA,ORD,20:58,1:34,113,119,276,1:30,4,11,0,6,0,259
UA,4/30/2022,2027,N848UA,IAD,23:37,0:07,70,69,30,0:02,5,30,0,0,0,0
UA,4/30/2022,2267,N413UA,EWR,22:57,23:07,72,61,10,23:02,5,0,0,0,0,0
UA,5/1/2022,1041,N832UA,DEN,15:11,15:04,202,195,-7,14:59,5,0,0,0,0,0
UA,5/1/2022,1185,N821UA,ORD,22:04,21:57,113,111,-7,21:44,13,0,0,0,0,0
UA,5/1/2022,2027,N851UA,IAD,23:37,0:14,70,58,37,0:08,6,0,0,0,0,37
UA,5/2/2022,1041,N405UA,DEN,15:06,14:59,198,189,-7,14:53,6,0,0,0,0,0
UA,5/2/2022,1185,N878UA,ORD,21:59,21:37,113,102,-22,21:32,5,0,0,0,0,0
UA,5/2/2022,2027,N849UA,IAD,23:37,23:30,70,68,-7,23:24,6,0,0,0,0,0
UA,5/3/2022,1041,N470UA,DEN,15:06,15:01,198,193,-5,14:57,4,0,0,0,0,0
UA,5/3/2022,1185,N815UA,ORD,21:59,21:28,113,91,-31,21:24,4,0,0,0,0,0
UA,5/3/2022,2027,N829UA,IAD,23:37,23:32,70,62,-5,23:27,5,0,0,0,0,0
UA,5/4/2022,1041,N452UA,DEN,15:06,15:00,198,189,-6,14:55,5,0,0,0,0,0
UA,5/4/2022,1185,N808UA,ORD,21:59,22:05,113,97,6,22:01,4,0,0,0,0,0
UA,5/4/2022,2027,N839UA,IAD,23:37,23:28,70,66,-9,23:22,6,0,0,0,0,0
UA,5/5/2022,1041,N497UA,DEN,15:06,14:51,198,187,-15,14:45,6,0,0,0,0,0
UA,5/5/2022,1185,N848UA,ORD,22:25,22:09,113,114,-16,22:01,8,0,0,0,0,0
UA,5/6/2022,652,N406UA,DEN,15:09,15:04,198,193,-5,15:01,3,0,0,0,0,0
UA,5/6/2022,2051,N27205,ORD,20:57,20:42,111,98,-15,20:37,5,0,0,0,0,0
UA,5/7/2022,652,N460UA,DEN,15:09,14:58,198,192,-11,14:50,8,0,0,0,0,0
UA,5/7/2022,2051,N833UA,ORD,20:51,20:45,111,99,-6,20:40,5,0,0,0,0,0
UA,5/8/2022,652,N409UA,DEN,15:09,15:02,198,193,-7,14:55,7,0,0,0,0,0
UA,5/8/2022,2051,N435UA,ORD,20:51,22:06,111,100,75,22:01,5,75,0,0,0,0
UA,5/9/2022,652,N423UA,DEN,15:09,14:59,198,185,-10,14:53,6,0,0,0,0,0
UA,5/9/2022,2051,N890UA,ORD,20:51,20:36,111,101,-15,20:29,7,0,0,0,0,0
UA,5/10/2022,652,N452UA,DEN,15:09,15:03,198,194,-6,14:58,5,0,0,0,0,0
UA,5/10/2022,2051,N822UA,ORD,20:51,21:19,111,106,28,21:16,3,28,0,0,0,0
UA,5/11/2022,652,N479UA,DEN,15:09,15:15,198,202,6,15:09,6,0,0,0,0,0
UA,5/11/2022,2051,N815UA,ORD,20:51,21:24,111,137,33,21:20,4,0,0,26,0,7
UA,5/12/2022,652,N423UA,DEN,15:09,15:36,198,225,27,15:33,3,0,0,27,0,0
UA,5/12/2022,2051,N848UA,ORD,20:51,20:56,111,104,5,20:50,6,0,0,0,0,0
UA,5/13/2022,652,N407UA,DEN,15:09,15:23,198,217,14,15:19,4,0,0,0,0,0
UA,5/13/2022,2051,N834UA,ORD,20:51,20:43,111,107,-8,20:39,4,0,0,0,0,0
UA,5/14/2022,652,N479UA,DEN,15:09,15:03,198,193,-6,14:58,5,0,0,0,0,0
UA,5/14/2022,2051,N826UA,ORD,20:51,21:04,111,101,13,21:01,3,0,0,0,0,0
UA,5/15/2022,652,N465UA,DEN,15:09,15:11,198,200,2,14:56,15,0,0,0,0,0
UA,5/15/2022,2051,N848UA,ORD,20:51,20:42,111,112,-9,20:33,9,0,0,0,0,0
UA,5/16/2022,652,N472UA,DEN,15:09,15:47,198,206,38,15:42,5,0,0,8,0,30
UA,5/16/2022,2051,N882UA,ORD,20:51,20:49,111,111,-2,20:44,5,0,0,0,0,0
UA,5/17/2022,652,N485UA,DEN,15:09,15:05,198,197,-4,15:00,5,0,0,0,0,0
UA,5/17/2022,2051,N882UA,ORD,20:51,20:38,111,101,-13,20:34,4,0,0,0,0,0
UA,5/18/2022,652,N452UA,DEN,15:09,14:59,198,193,-10,14:53,6,0,0,0,0,0
UA,5/18/2022,2051,N829UA,ORD,20:51,20:49,111,106,-2,20:45,4,0,0,0,0,0
UA,5/19/2022,652,N403UA,DEN,15:09,15:12,198,207,3,14:56,16,0,0,0,0,0
UA,5/19/2022,2051,N457UA,ORD,20:51,21:24,111,99,33,21:20,4,33,0,0,0,0
UA,5/20/2022,652,N460UA,DEN,15:09,15:49,198,180,40,15:45,4,6,0,0,0,34
UA,5/20/2022,2051,N892UA,ORD,20:51,20:42,111,103,-9,20:38,4,0,0,0,0,0
UA,5/21/2022,652,,DEN,15:09,0:00,198,0,0,0:00,0,0,0,0,0,0
UA,5/21/2022,2051,N892UA,ORD,20:51,0:30,111,109,219,0:25,5,219,0,0,0,0
UA,5/22/2022,652,N489UA,DEN,15:09,15:15,198,190,6,15:10,5,0,0,0,0,0
UA,5/22/2022,2051,N873UA,ORD,20:51,20:33,111,97,-18,20:27,6,0,0,0,0,0
UA,5/23/2022,652,N488UA,DEN,15:09,15:28,198,220,19,14:56,32,0,0,19,0,0
UA,5/23/2022,2051,N873UA,ORD,20:51,20:36,111,98,-15,20:30,6,0,0,0,0,0
UA,5/24/2022,652,N435UA,DEN,15:09,15:08,198,195,-1,14:54,14,0,0,0,0,0
UA,5/24/2022,2051,N818UA,ORD,20:51,20:40,111,103,-11,20:35,5,0,0,0,0,0
UA,5/25/2022,652,N485UA,DEN,15:09,15:22,198,190,13,15:12,10,0,0,0,0,0
UA,5/25/2022,2051,N803UA,ORD,20:51,21:37,111,117,46,21:33,4,0,0,6,0,40
UA,5/26/2022,652,N488UA,DEN,15:09,15:00,198,199,-9,14:55,5,0,0,0,0,0
UA,5/26/2022,2051,N834UA,ORD,20:51,21:04,111,125,13,21:00,4,0,0,0,0,0
UA,5/27/2022,652,N433UA,DEN,15:09,15:02,198,197,-7,14:57,5,0,0,0,0,0
UA,5/27/2022,2051,N829UA,ORD,20:51,20:44,111,106,-7,20:38,6,0,0,0,0,0
UA,5/28/2022,652,N448UA,DEN,15:09,15:12,198,203,3,15:07,5,0,0,0,0,0
UA,5/28/2022,2051,N853UA,ORD,20:51,20:52,111,108,1,20:48,4,0,0,0,0,0
UA,5/29/2022,652,N404UA,DEN,15:09,15:19,198,212,10,15:03,16,0,0,0,0,0
UA,5/29/2022,2051,N899UA,ORD,20:51,20:50,111,112,-1,20:45,5,0,0,0,0,0
UA,5/30/2022,652,N404UA,DEN,15:09,15:21,198,207,12,15:16,5,0,0,0,0,0
UA,5/30/2022,2051,N828UA,ORD,20:51,20:50,111,108,-1,20:46,4,0,0,0,0,0
UA,5/31/2022,652,N404UA,DEN,15:09,15:21,198,214,12,14:53,28,0,0,0,0,0
UA,5/31/2022,2051,N899UA,ORD,20:51,21:47,111,95,56,21:43,4,1,0,0,0,55
UA,6/1/2022,652,N489UA,DEN,15:09,16:18,198,0,0,16:14,4,0,0,0,0,0
UA,6/1/2022,2051,N890UA,ORD,20:51,20:28,111,91,-23,20:24,4,0,0,0,0,0
UA,6/2/2022,652,N489UA,DEN,15:09,15:20,198,187,11,15:16,4,0,0,0,0,0
UA,6/2/2022,2051,N833UA,ORD,20:51,20:36,111,98,-15,20:31,5,0,0,0,0,0
UA,6/3/2022,604,N835UA,DEN,15:07,14:56,199,187,-11,14:51,5,0,0,0,0,0
UA,6/3/2022,1503,N29717,ORD,23:59,23:40,114,99,-19,23:33,7,0,0,0,0,0
UA,6/3/2022,2615,N807UA,IAD,23:37,23:35,75,68,-2,23:31,4,0,0,0,0,0
UA,6/4/2022,604,N835UA,DEN,15:07,15:06,199,201,-1,14:59,7,0,0,0,0,0
UA,6/4/2022,1503,N14704,ORD,0:14,0:21,114,100,7,0:10,11,0,0,0,0,0
UA,6/4/2022,2615,N827UA,IAD,23:37,0:11,75,67,34,0:06,5,34,0,0,0,0
UA,6/5/2022,212,N494UA,ORD,0:08,23:56,114,108,-12,23:51,5,0,0,0,0,0
UA,6/5/2022,604,N835UA,DEN,15:07,15:03,199,197,-4,14:56,7,0,0,0,0,0
UA,6/5/2022,2615,N418UA,IAD,23:37,23:40,75,76,3,23:35,5,0,0,0,0,0
UA,6/6/2022,604,N820UA,DEN,15:07,15:03,199,199,-4,14:55,8,0,0,0,0,0
UA,6/6/2022,1503,N69813,ORD,23:59,0:23,114,110,24,0:18,5,18,0,0,0,6
UA,6/6/2022,2615,N874UA,IAD,23:37,23:44,75,78,7,23:40,4,0,0,0,0,0
UA,6/7/2022,604,N852UA,DEN,15:07,14:47,199,185,-20,14:42,5,0,0,0,0,0
UA,6/7/2022,1503,N24702,ORD,23:59,23:58,114,110,-1,23:50,8,0,0,0,0,0
UA,6/7/2022,2615,N834UA,IAD,23:37,23:31,75,75,-6,23:26,5,0,0,0,0,0
UA,6/8/2022,604,N852UA,DEN,15:07,14:44,199,185,-23,14:39,5,0,0,0,0,0
UA,6/8/2022,1503,N24702,ORD,23:59,23:47,114,100,-12,23:44,3,0,0,0,0,0
UA,6/8/2022,2615,N823UA,IAD,23:37,0:32,75,93,55,0:27,5,0,0,18,0,37
UA,6/9/2022,604,N818UA,DEN,15:07,15:12,199,205,5,15:07,5,0,0,0,0,0
UA,6/9/2022,1503,N14731,ORD,23:59,23:56,114,98,-3,23:52,4,0,0,0,0,0
UA,6/9/2022,2615,N882UA,IAD,23:37,23:24,75,66,-13,23:17,7,0,0,0,0,0
UA,6/10/2022,604,N895UA,DEN,15:07,15:01,199,192,-6,14:56,5,0,0,0,0,0
UA,6/10/2022,1503,N27734,ORD,23:59,23:42,114,103,-17,23:37,5,0,0,0,0,0
UA,6/10/2022,2615,N808UA,IAD,23:37,23:47,75,61,10,23:40,7,0,0,0,0,0
UA,6/11/2022,604,N849UA,DEN,15:07,15:04,199,204,-3,14:59,5,0,0,0,0,0
UA,6/11/2022,1503,N24736,ORD,0:14,23:55,114,99,-19,23:47,8,0,0,0,0,0
UA,6/11/2022,2615,N39423,IAD,23:37,23:24,75,68,-13,23:18,6,0,0,0,0,0
UA,6/12/2022,212,N466UA,ORD,0:08,0:17,114,92,9,0:09,8,0,0,0,0,0
UA,6/12/2022,604,N829UA,DEN,15:07,14:52,199,187,-15,14:46,6,0,0,0,0,0
UA,6/12/2022,2615,N803UA,IAD,23:37,0:10,75,82,33,0:04,6,0,0,11,0,22
UA,6/13/2022,604,N877UA,DEN,15:07,14:59,199,198,-8,14:53,6,0,0,0,0,0
UA,6/13/2022,1503,N24702,ORD,23:59,0:26,114,109,27,0:19,7,0,24,0,0,3
UA,6/13/2022,2615,N803UA,IAD,23:37,0:33,75,66,56,0:23,10,56,0,0,0,0
UA,6/14/2022,604,N414UA,DEN,15:07,16:20,199,195,73,16:12,8,16,0,0,0,57
UA,6/14/2022,1503,N17730,ORD,23:59,23:57,114,115,-2,23:52,5,0,0,0,0,0
UA,6/14/2022,2615,N409UA,IAD,23:37,23:28,75,65,-9,23:20,8,0,0,0,0,0
UA,6/15/2022,604,N418UA,DEN,15:07,14:52,199,189,-15,14:47,5,0,0,0,0,0
UA,6/15/2022,1503,N17730,ORD,23:59,23:47,114,96,-12,23:42,5,0,0,0,0,0
UA,6/15/2022,2615,N854UA,IAD,23:37,23:35,75,74,-2,23:31,4,0,0,0,0,0
UA,6/16/2022,604,N898UA,DEN,15:07,14:55,199,187,-12,14:48,7,0,0,0,0,0
UA,6/16/2022,1503,N27724,ORD,23:59,0:08,114,98,9,23:59,9,0,0,0,0,0
UA,6/16/2022,2615,N827UA,IAD,23:37,23:57,75,86,20,23:52,5,9,0,11,0,0
UA,6/17/2022,604,N820UA,DEN,15:07,15:13,199,197,6,15:08,5,0,0,0,0,0
UA,6/17/2022,1503,N13716,ORD,23:59,23:57,114,108,-2,23:53,4,0,0,0,0,0
UA,6/17/2022,2615,N485UA,IAD,23:37,23:49,75,64,12,23:44,5,0,0,0,0,0
UA,6/18/2022,604,N820UA,DEN,15:07,15:05,199,200,-2,15:00,5,0,0,0,0,0
UA,6/18/2022,1503,N15712,ORD,0:14,0:04,114,105,-10,23:59,5,0,0,0,0,0
UA,6/18/2022,2615,N69839,IAD,23:37,23:30,75,73,-7,23:24,6,0,0,0,0,0
UA,6/19/2022,212,N61898,ORD,0:08,23:51,114,99,-17,23:46,5,0,0,0,0,0
UA,6/19/2022,604,N819UA,DEN,15:07,15:19,199,213,12,15:16,3,0,0,0,0,0
UA,6/19/2022,2615,N892UA,IAD,23:37,23:39,75,76,2,23:32,7,0,0,0,0,0
UA,6/20/2022,604,N802UA,DEN,15:07,15:08,199,205,1,15:02,6,0,0,0,0,0
UA,6/20/2022,1503,N23707,ORD,23:59,23:45,114,104,-14,23:37,8,0,0,0,0,0
UA,6/20/2022,2615,N821UA,IAD,23:37,23:27,75,69,-10,23:22,5,0,0,0,0,0
UA,6/21/2022,604,N891UA,DEN,15:07,15:03,199,197,-4,14:58,5,0,0,0,0,0
UA,6/21/2022,1503,N16732,ORD,23:59,23:30,114,93,-29,23:27,3,0,0,0,0,0
UA,6/21/2022,2615,N872UA,IAD,23:37,23:26,75,71,-11,23:20,6,0,0,0,0,0
UA,6/22/2022,604,N895UA,DEN,15:07,15:00,199,192,-7,14:55,5,0,0,0,0,0
UA,6/22/2022,1503,,ORD,23:59,0:00,114,0,0,0:00,0,0,0,0,0,0
UA,6/22/2022,2615,,IAD,23:37,0:00,75,0,0,0:00,0,0,0,0,0,0
UA,6/23/2022,604,N844UA,DEN,15:07,14:50,199,187,-17,14:45,5,0,0,0,0,0
UA,6/23/2022,2113,N37465,ORD,0:14,0:13,114,101,-1,0:10,3,0,0,0,0,0
UA,6/23/2022,2615,N12754,IAD,23:37,23:52,75,94,15,23:20,32,0,0,15,0,0
UA,6/24/2022,288,N465UA,ORD,16:50,16:39,115,107,-11,16:35,4,0,0,0,0,0
UA,6/24/2022,604,N848UA,DEN,15:04,17:10,199,203,126,17:06,4,0,0,4,0,122
UA,6/24/2022,1503,N57439,ORD,23:59,0:02,114,103,3,23:57,5,0,0,0,0,0
UA,6/24/2022,2615,N829UA,IAD,23:35,23:40,73,66,5,23:35,5,0,0,0,0,0
UA,6/25/2022,535,N68823,ORD,0:15,0:04,114,112,-11,23:59,5,0,0,0,0,0
UA,6/25/2022,604,N828UA,DEN,15:04,15:11,199,204,7,15:07,4,0,0,0,0,0
UA,6/25/2022,2615,N401UA,IAD,23:35,23:24,73,59,-11,23:20,4,0,0,0,0,0
UA,6/26/2022,288,N429UA,ORD,16:50,16:39,115,99,-11,16:34,5,0,0,0,0,0
UA,6/26/2022,604,N839UA,DEN,15:04,15:00,199,195,-4,14:52,8,0,0,0,0,0
UA,6/26/2022,1503,N69885,ORD,23:59,23:57,114,100,-2,23:52,5,0,0,0,0,0
UA,6/26/2022,2615,N408UA,IAD,23:35,5:28,73,60,353,5:22,6,0,0,0,0,353
UA,6/27/2022,288,N850UA,ORD,16:50,16:34,115,103,-16,16:29,5,0,0,0,0,0
UA,6/27/2022,604,,DEN,15:04,0:00,199,0,0,0:00,0,0,0,0,0,0
UA,6/27/2022,1503,N69804,ORD,23:59,0:10,114,95,11,0:05,5,0,0,0,0,0
UA,6/27/2022,2615,N880UA,IAD,23:35,23:21,73,60,-14,23:17,4,0,0,0,0,0
UA,6/28/2022,288,,ORD,16:50,0:00,115,0,0,0:00,0,0,0,0,0,0
UA,6/28/2022,604,N889UA,DEN,15:04,14:51,199,194,-13,14:45,6,0,0,0,0,0
UA,6/28/2022,1503,N38454,ORD,23:59,23:51,114,106,-8,23:46,5,0,0,0,0,0
UA,6/28/2022,2615,N812UA,IAD,23:35,23:18,73,58,-17,23:13,5,0,0,0,0,0
UA,6/29/2022,288,N402UA,ORD,16:50,17:11,115,122,21,16:46,25,0,0,7,0,14
UA,6/29/2022,604,N846UA,DEN,15:04,15:08,199,196,4,15:03,5,0,0,0,0,0
UA,6/29/2022,1503,N37470,ORD,23:59,23:40,114,99,-19,23:29,11,0,0,0,0,0
UA,6/29/2022,2615,N68836,IAD,23:35,23:27,73,69,-8,23:20,7,0,0,0,0,0
UA,6/30/2022,288,N802UA,ORD,16:50,16:34,115,102,-16,16:29,5,0,0,0,0,0
UA,6/30/2022,604,N892UA,DEN,15:04,15:00,199,196,-4,14:55,5,0,0,0,0,0
UA,6/30/2022,1503,N69839,ORD,23:59,23:39,114,91,-20,23:35,4,0,0,0,0,0
UA,6/30/2022,2615,N835UA,IAD,23:35,23:30,73,70,-5,23:24,6,0,0,0,0,0
UA,7/1/2022,288,N804UA,ORD,16:53,16:46,115,109,-7,16:41,5,0,0,0,0,0
UA,7/1/2022,604,N892UA,DEN,15:04,14:45,199,184,-19,14:40,5,0,0,0,0,0
UA,7/1/2022,1503,N75432,ORD,23:59,0:18,114,104,19,0:12,6,5,0,0,0,14
UA,7/1/2022,2615,N827UA,IAD,23:35,1:08,73,76,93,1:02,6,1,0,3,0,89
UA,7/2/2022,535,N39416,ORD,0:15,0:14,114,101,-1,0:09,5,0,0,0,0,0
UA,7/2/2022,604,N833UA,DEN,15:04,14:54,199,190,-10,14:48,6,0,0,0,0,0
UA,7/2/2022,2615,N801UA,IAD,23:35,1:04,73,70,89,1:00,4,0,42,0,0,47
UA,7/3/2022,288,N453UA,ORD,16:53,16:32,115,99,-21,16:26,6,0,0,0,0,0
UA,7/3/2022,604,N465UA,DEN,15:04,15:21,199,195,17,15:15,6,17,0,0,0,0
UA,7/3/2022,1503,N75432,ORD,23:59,23:34,114,91,-25,23:28,6,0,0,0,0,0
UA,7/3/2022,2615,N850UA,IAD,23:35,23:59,73,74,24,23:45,14,23,0,1,0,0
UA,7/4/2022,288,,ORD,16:53,0:00,115,0,0,0:00,0,0,0,0,0,0
UA,7/4/2022,604,N895UA,DEN,15:04,14:57,199,194,-7,14:53,4,0,0,0,0,0
UA,7/4/2022,1503,N66814,ORD,23:59,23:53,114,109,-6,23:48,5,0,0,0,0,0
UA,7/4/2022,2615,N848UA,IAD,23:35,0:15,73,86,40,23:50,25,24,0,13,0,3
UA,7/5/2022,288,N417UA,ORD,16:53,16:52,115,89,-1,16:48,4,0,0,0,0,0
UA,7/5/2022,604,N882UA,DEN,15:04,15:00,199,186,-4,14:56,4,0,0,0,0,0
UA,7/5/2022,1503,N66828,ORD,23:59,0:38,114,119,39,0:33,5,0,34,5,0,0
UA,7/5/2022,2615,N821UA,IAD,23:35,23:42,73,65,7,23:36,6,0,0,0,0,0
UA,7/6/2022,288,N427UA,ORD,16:53,16:34,115,98,-19,16:27,7,0,0,0,0,0
UA,7/6/2022,604,N811UA,DEN,15:04,19:04,199,228,240,18:53,11,0,0,240,0,0
UA,7/6/2022,1503,N69829,ORD,23:59,23:56,114,114,-3,23:42,14,0,0,0,0,0
UA,7/6/2022,2615,N815UA,IAD,23:35,23:30,73,72,-5,23:26,4,0,0,0,0,0
UA,7/7/2022,288,N819UA,ORD,16:53,16:38,115,100,-15,16:33,5,0,0,0,0,0
UA,7/7/2022,604,N895UA,DEN,15:04,15:01,199,196,-3,14:55,6,0,0,0,0,0
UA,7/7/2022,1503,N77430,ORD,23:59,23:40,114,98,-19,23:30,10,0,0,0,0,0
UA,7/7/2022,2615,N826UA,IAD,23:35,23:27,73,67,-8,23:23,4,0,0,0,0,0
UA,7/8/2022,288,N837UA,ORD,16:53,16:35,115,100,-18,16:30,5,0,0,0,0,0
UA,7/8/2022,604,N894UA,DEN,15:04,14:51,199,186,-13,14:45,6,0,0,0,0,0
UA,7/8/2022,1503,N37474,ORD,23:59,23:48,114,108,-11,23:35,13,0,0,0,0,0
UA,7/8/2022,2615,N834UA,IAD,23:35,23:26,73,67,-9,23:21,5,0,0,0,0,0
UA,7/9/2022,535,N75436,ORD,0:15,0:17,114,105,2,0:11,6,0,0,0,0,0
UA,7/9/2022,604,N894UA,DEN,15:04,15:05,199,201,1,15:01,4,0,0,0,0,0
UA,7/9/2022,2615,N451UA,IAD,23:35,0:13,73,65,38,0:07,6,0,0,0,0,38
UA,7/10/2022,288,N452UA,ORD,16:53,16:30,115,105,-23,16:19,11,0,0,0,0,0
UA,7/10/2022,604,N846UA,DEN,15:04,15:05,199,201,1,14:59,6,0,0,0,0,0
UA,7/10/2022,1503,N62884,ORD,23:59,23:46,114,99,-13,23:41,5,0,0,0,0,0
UA,7/10/2022,2615,N804UA,IAD,23:35,23:20,73,67,-15,23:15,5,0,0,0,0,0
UA,7/11/2022,288,,ORD,16:53,0:00,115,0,0,0:00,0,0,0,0,0,0
UA,7/11/2022,604,N846UA,DEN,15:04,14:48,199,187,-16,14:44,4,0,0,0,0,0
UA,7/11/2022,1503,N66893,ORD,23:59,23:40,114,100,-19,23:34,6,0,0,0,0,0
UA,7/11/2022,2615,N813UA,IAD,23:35,23:20,73,67,-15,23:14,6,0,0,0,0,0
UA,7/12/2022,288,N850UA,ORD,16:53,16:38,115,98,-15,16:32,6,0,0,0,0,0
UA,7/12/2022,604,N846UA,DEN,15:04,14:54,199,196,-10,14:38,16,0,0,0,0,0
UA,7/12/2022,1503,N66831,ORD,23:59,0:01,114,102,2,23:56,5,0,0,0,0,0
UA,7/12/2022,2615,N829UA,IAD,23:35,3:38,73,61,243,3:33,5,243,0,0,0,0
UA,7/13/2022,288,N898UA,ORD,16:53,17:05,115,127,12,17:01,4,0,0,0,0,0
UA,7/13/2022,604,N896UA,DEN,15:04,14:51,199,190,-13,14:46,5,0,0,0,0,0
UA,7/13/2022,1503,N68452,ORD,23:59,23:46,114,103,-13,23:41,5,0,0,0,0,0
UA,7/13/2022,2615,N832UA,IAD,23:35,0:13,73,67,38,0:07,6,0,38,0,0,0
UA,7/14/2022,288,N890UA,ORD,16:53,16:59,115,102,6,16:55,4,0,0,0,0,0
UA,7/14/2022,604,N818UA,DEN,15:04,14:59,199,201,-5,14:56,3,0,0,0,0,0
UA,7/14/2022,1503,N69847,ORD,23:59,23:47,114,101,-12,23:41,6,0,0,0,0,0
UA,7/14/2022,2615,N895UA,IAD,23:35,23:28,73,67,-7,23:23,5,0,0,0,0,0
UA,7/15/2022,288,N891UA,ORD,16:53,17:36,115,104,43,17:31,5,0,0,0,0,43
UA,7/15/2022,604,N898UA,DEN,15:04,15:22,199,220,18,15:17,5,0,0,18,0,0
UA,7/15/2022,1503,N69826,ORD,23:59,1:09,114,91,70,1:04,5,5,0,0,0,65
UA,7/15/2022,2615,N835UA,IAD,23:35,23:12,73,56,-23,23:09,3,0,0,0,0,0
UA,7/16/2022,535,N37422,ORD,0:15,0:13,114,115,-2,0:06,7,0,0,0,0,0
UA,7/16/2022,604,N834UA,DEN,15:04,15:04,199,199,0,14:59,5,0,0,0,0,0
UA,7/16/2022,2615,N845UA,IAD,23:35,23:26,73,74,-9,23:21,5,0,0,0,0,0
UA,7/17/2022,288,N34460,ORD,16:48,16:37,113,107,-11,16:33,4,0,0,0,0,0
UA,7/17/2022,604,N837UA,DEN,15:04,14:45,199,189,-19,14:34,11,0,0,0,0,0
UA,7/17/2022,1503,N63890,ORD,23:59,23:38,114,100,-21,23:33,5,0,0,0,0,0
UA,7/17/2022,2615,N846UA,IAD,23:35,1:30,73,73,115,1:24,6,0,115,0,0,0
UA,7/18/2022,288,N825UA,ORD,16:53,16:37,115,103,-16,16:32,5,0,0,0,0,0
UA,7/18/2022,604,N815UA,DEN,15:04,15:12,199,209,8,15:04,8,0,0,0,0,0
UA,7/18/2022,1503,N63899,ORD,23:59,0:06,114,108,7,0:01,5,0,0,0,0,0
UA,7/18/2022,2615,N829UA,IAD,23:35,0:33,73,118,58,0:13,20,3,0,45,0,10
UA,7/19/2022,288,N816UA,ORD,16:53,16:49,115,115,-4,16:43,6,0,0,0,0,0
UA,7/19/2022,604,N899UA,DEN,15:04,15:04,199,199,0,14:55,9,0,0,0,0,0
UA,7/19/2022,1503,N37470,ORD,23:59,23:51,114,107,-8,23:41,10,0,0,0,0,0
UA,7/19/2022,2615,N449UA,IAD,23:35,23:34,73,71,-1,23:29,5,0,0,0,0,0
UA,7/20/2022,288,N831UA,ORD,16:53,17:57,115,123,64,17:52,5,1,0,8,0,55
UA,7/20/2022,604,N889UA,DEN,15:04,14:49,199,187,-15,14:43,6,0,0,0,0,0
UA,7/20/2022,1503,N68823,ORD,23:59,23:57,114,104,-2,23:51,6,0,0,0,0,0
UA,7/20/2022,2615,N879UA,IAD,23:35,23:21,73,63,-14,23:16,5,0,0,0,0,0
UA,7/21/2022,288,N816UA,ORD,16:53,16:31,115,97,-22,16:27,4,0,0,0,0,0
UA,7/21/2022,604,N832UA,DEN,15:04,15:18,199,191,14,15:13,5,0,0,0,0,0
UA,7/21/2022,1503,N53442,ORD,23:59,0:16,114,116,17,0:09,7,15,0,2,0,0
UA,7/21/2022,2615,N896UA,IAD,23:35,23:29,73,73,-6,23:23,6,0,0,0,0,0
UA,7/22/2022,288,N801UA,ORD,16:53,16:32,115,99,-21,16:26,6,0,0,0,0,0
UA,7/22/2022,604,N838UA,DEN,15:04,14:50,199,193,-14,14:43,7,0,0,0,0,0
UA,7/22/2022,1503,N39416,ORD,23:59,0:48,114,130,49,0:42,6,33,0,16,0,0
UA,7/22/2022,2615,N846UA,IAD,23:35,23:37,73,64,2,23:33,4,0,0,0,0,0
UA,7/23/2022,535,N38451,ORD,0:15,0:08,114,109,-7,23:51,17,0,0,0,0,0
UA,7/23/2022,604,N451UA,DEN,15:04,15:12,199,203,8,15:08,4,0,0,0,0,0
UA,7/23/2022,2615,N804UA,IAD,23:35,23:52,73,91,17,23:33,19,0,0,17,0,0
UA,7/24/2022,604,N872UA,DEN,15:04,15:11,199,187,7,15:06,5,0,0,0,0,0
UA,7/24/2022,1503,N67845,ORD,23:59,0:32,114,148,33,0:28,4,0,0,33,0,0
UA,7/24/2022,2615,N801UA,IAD,23:35,23:41,73,70,6,23:35,6,0,0,0,0,0
UA,7/25/2022,288,N812UA,ORD,16:53,16:46,115,112,-7,16:40,6,0,0,0,0,0
UA,7/25/2022,604,N825UA,DEN,15:04,15:13,199,208,9,14:50,23,0,0,0,0,0
UA,7/25/2022,1503,N78448,ORD,23:59,23:50,114,99,-9,23:45,5,0,0,0,0,0
UA,7/25/2022,2615,N831UA,IAD,23:35,1:46,73,65,131,1:41,5,0,0,0,0,131
UA,7/26/2022,288,N828UA,ORD,16:53,16:37,115,100,-16,16:31,6,0,0,0,0,0
UA,7/26/2022,604,N876UA,DEN,15:04,14:53,199,192,-11,14:46,7,0,0,0,0,0
UA,7/26/2022,1503,N67845,ORD,23:59,23:57,114,95,-2,23:52,5,0,0,0,0,0
UA,7/26/2022,2615,N822UA,IAD,23:35,0:19,73,63,44,0:13,6,44,0,0,0,0
UA,7/27/2022,288,N444UA,ORD,16:53,17:02,115,126,9,16:57,5,0,0,0,0,0
UA,7/27/2022,604,N850UA,DEN,15:04,15:27,199,196,23,15:22,5,23,0,0,0,0
UA,7/27/2022,1503,N78448,ORD,23:59,23:48,114,100,-11,23:40,8,0,0,0,0,0
UA,7/27/2022,2615,N806UA,IAD,23:35,23:31,73,63,-4,23:28,3,0,0,0,0,0
UA,7/28/2022,288,,ORD,16:53,0:00,115,0,0,0:00,0,0,0,0,0,0
UA,7/28/2022,376,N37527,ORD,0:24,0:12,114,100,-12,0:06,6,0,0,0,0,0
UA,7/28/2022,604,N850UA,DEN,15:04,14:42,199,178,-22,14:39,3,0,0,0,0,0
UA,7/28/2022,2615,N420UA,IAD,23:35,23:52,73,78,17,23:47,5,12,0,5,0,0
UA,7/29/2022,288,N846UA,ORD,16:53,17:15,115,97,22,17:10,5,13,0,0,0,9
UA,7/29/2022,604,N801UA,DEN,15:04,15:20,199,185,16,15:15,5,16,0,0,0,0
UA,7/29/2022,1503,N28457,ORD,23:59,0:16,114,103,17,0:09,7,17,0,0,0,0
UA,7/29/2022,2615,N877UA,IAD,23:35,23:17,73,63,-18,23:12,5,0,0,0,0,0
UA,7/30/2022,535,N69830,ORD,0:15,0:05,114,112,-10,0:01,4,0,0,0,0,0
UA,7/30/2022,604,N880UA,DEN,15:04,15:08,199,194,4,15:02,6,0,0,0,0,0
UA,7/30/2022,2615,N39726,IAD,23:35,23:27,73,59,-8,23:23,4,0,0,0,0,0
UA,7/31/2022,288,N897UA,ORD,16:53,16:52,115,99,-1,16:49,3,0,0,0,0,0
UA,7/31/2022,604,N851UA,DEN,15:04,15:05,199,205,1,14:59,6,0,0,0,0,0
UA,7/31/2022,1503,N39418,ORD,0:15,0:08,114,109,-7,0:02,6,0,0,0,0,0
UA,7/31/2022,2615,N17753,IAD,23:35,9:13,73,56,578,9:10,3,13,0,0,0,565
UA,8/1/2022,604,N410UA,DEN,15:04,15:11,199,193,7,15:06,5,0,0,0,0,0
UA,8/1/2022,1046,N37427,ORD,23:59,23:59,114,116,0,23:51,8,0,0,0,0,0
UA,8/1/2022,1559,N822UA,ORD,16:50,16:32,115,105,-18,16:21,11,0,0,0,0,0
UA,8/1/2022,2615,N829UA,IAD,23:35,0:22,73,89,47,0:06,16,31,0,16,0,0
UA,8/2/2022,604,N405UA,DEN,15:10,15:07,199,193,-3,15:02,5,0,0,0,0,0
UA,8/2/2022,1046,N36472,ORD,23:59,23:42,114,101,-17,23:35,7,0,0,0,0,0
UA,8/2/2022,1559,N825UA,ORD,16:50,16:40,115,111,-10,16:33,7,0,0,0,0,0
UA,8/2/2022,2615,N478UA,IAD,23:35,23:22,73,66,-13,23:16,6,0,0,0,0,0
UA,8/3/2022,604,N484UA,DEN,15:10,15:21,199,207,11,15:17,4,0,0,0,0,0
UA,8/3/2022,1046,N69804,ORD,23:59,2:28,114,106,149,2:22,6,149,0,0,0,0
UA,8/3/2022,1559,N430UA,ORD,16:50,0:00,115,0,0,0:00,0,0,0,0,0,0
UA,8/3/2022,2615,,IAD,23:35,0:00,73,0,0,0:00,0,0,0,0,0,0
UA,8/4/2022,604,N485UA,DEN,15:10,16:04,199,187,54,16:00,4,54,0,0,0,0
UA,8/4/2022,1046,N39475,ORD,23:59,0:04,114,111,5,23:59,5,0,0,0,0,0
UA,8/4/2022,1559,N812UA,ORD,16:50,17:04,115,129,14,16:30,34,0,0,0,0,0
UA,8/4/2022,2615,N823UA,IAD,23:35,2:17,73,70,162,2:13,4,0,162,0,0,0
UA,8/5/2022,604,N485UA,DEN,15:10,15:06,199,194,-4,15:02,4,0,0,0,0,0
UA,8/5/2022,1046,N68880,ORD,23:59,23:52,114,102,-7,23:48,4,0,0,0,0,0
UA,8/5/2022,1559,N890UA,ORD,16:50,16:28,115,96,-22,16:23,5,0,0,0,0,0
UA,8/5/2022,2615,N892UA,IAD,23:35,12:49,73,69,794,12:45,4,794,0,0,0,0
UA,8/6/2022,604,N485UA,DEN,15:10,15:37,199,205,27,15:31,6,0,0,6,0,21
UA,8/6/2022,776,N75428,ORD,0:15,0:47,114,109,32,0:40,7,12,0,0,0,20
UA,8/6/2022,2615,N850UA,IAD,23:35,23:30,73,62,-5,23:25,5,0,0,0,0,0
UA,8/7/2022,604,N426UA,DEN,15:10,15:48,199,214,38,15:42,6,23,0,15,0,0
UA,8/7/2022,1046,N61887,ORD,23:59,0:05,114,115,6,23:57,8,0,0,0,0,0
UA,8/7/2022,1559,,ORD,16:50,0:00,115,0,0,0:00,0,0,0,0,0,0
UA,8/7/2022,2615,N872UA,IAD,23:35,23:46,73,67,11,23:39,7,0,0,0,0,0
UA,8/8/2022,604,N452UA,DEN,15:04,15:56,196,252,52,15:51,5,0,0,52,0,0
UA,8/8/2022,1046,N37468,ORD,23:59,0:12,114,113,13,0:06,6,0,0,0,0,0
UA,8/8/2022,1559,N444UA,ORD,16:50,17:34,115,109,44,17:29,5,16,0,0,0,28
UA,8/8/2022,2615,N871UA,IAD,23:35,1:20,73,65,105,1:14,6,3,0,0,0,102
UA,8/9/2022,604,N451UA,DEN,15:10,16:05,199,190,55,16:00,5,55,0,0,0,0
UA,8/9/2022,1046,N34460,ORD,23:59,0:12,114,99,13,0:05,7,0,0,0,0,0
UA,8/9/2022,1559,N818UA,ORD,16:50,16:37,115,104,-13,16:30,7,0,0,0,0,0
UA,8/9/2022,2615,N880UA,IAD,23:35,0:48,73,87,73,0:43,5,6,0,14,0,53
UA,8/10/2022,604,N469UA,DEN,15:10,15:15,199,201,5,15:11,4,0,0,0,0,0
UA,8/10/2022,1046,N64844,ORD,23:59,23:40,114,103,-19,23:37,3,0,0,0,0,0
UA,8/10/2022,1559,N822UA,ORD,16:50,16:33,115,101,-17,16:28,5,0,0,0,0,0
UA,8/10/2022,2615,N851UA,IAD,23:35,0:26,73,81,51,0:22,4,43,0,8,0,0
UA,8/11/2022,604,N465UA,DEN,15:10,15:38,199,232,28,15:32,6,0,0,28,0,0
UA,8/11/2022,1046,N36444,ORD,23:59,23:46,114,102,-13,23:40,6,0,0,0,0,0
UA,8/11/2022,1559,N421UA,ORD,16:50,16:36,115,106,-14,16:22,14,0,0,0,0,0
UA,8/11/2022,2615,N801UA,IAD,23:35,1:22,73,61,107,1:18,4,107,0,0,0,0
UA,8/12/2022,604,N489UA,DEN,15:10,15:06,199,196,-4,15:03,3,0,0,0,0,0
UA,8/12/2022,1046,N53441,ORD,23:59,23:42,114,105,-17,23:35,7,0,0,0,0,0
UA,8/12/2022,1559,N855UA,ORD,16:50,16:39,115,106,-11,16:34,5,0,0,0,0,0
UA,8/12/2022,2615,N895UA,IAD,23:35,23:33,73,77,-2,23:28,5,0,0,0,0,0
UA,8/13/2022,604,N471UA,DEN,15:10,15:06,199,198,-4,15:01,5,0,0,0,0,0
UA,8/13/2022,776,N62894,ORD,0:15,0:06,114,105,-9,0:01,5,0,0,0,0,0
UA,8/13/2022,2615,N880UA,IAD,23:35,23:28,73,73,-7,23:19,9,0,0,0,0,0
UA,8/14/2022,604,N481UA,DEN,15:10,15:05,199,197,-5,14:59,6,0,0,0,0,0
UA,8/14/2022,1046,N61887,ORD,23:59,23:47,114,105,-12,23:41,6,0,0,0,0,0
UA,8/14/2022,1559,N402UA,ORD,16:50,16:26,115,94,-24,16:22,4,0,0,0,0,0
UA,8/14/2022,2615,N815UA,IAD,23:35,23:15,73,60,-20,23:11,4,0,0,0,0,0
UA,8/15/2022,604,N473UA,DEN,15:10,15:15,199,202,5,15:10,5,0,0,0,0,0
UA,8/15/2022,1046,N68843,ORD,23:59,0:16,114,104,17,0:10,6,6,0,0,0,11
UA,8/15/2022,1559,N4888U,ORD,16:50,16:48,115,99,-2,16:43,5,0,0,0,0,0
UA,8/15/2022,2615,N807UA,IAD,23:35,23:37,73,66,2,23:33,4,0,0,0,0,0
UA,8/16/2022,604,N485UA,DEN,15:10,15:05,199,192,-5,15:00,5,0,0,0,0,0
UA,8/16/2022,1046,N66848,ORD,23:59,0:01,114,113,2,23:52,9,0,0,0,0,0
UA,8/16/2022,1559,N441UA,ORD,16:50,16:33,115,101,-17,16:29,4,0,0,0,0,0
UA,8/16/2022,2615,N420UA,IAD,23:35,23:37,73,63,2,23:33,4,0,0,0,0,0
UA,8/17/2022,604,N466UA,DEN,15:10,15:15,199,201,5,15:11,4,0,0,0,0,0
UA,8/17/2022,1046,N62884,ORD,23:59,23:49,114,110,-10,23:32,17,0,0,0,0,0
UA,8/17/2022,1559,N803UA,ORD,16:50,17:02,115,131,12,16:56,6,0,0,0,0,0
UA,8/17/2022,2615,N899UA,IAD,23:35,23:27,73,70,-8,23:21,6,0,0,0,0,0
UA,8/18/2022,604,N482UA,DEN,15:10,15:25,199,204,15,15:19,6,10,0,5,0,0
UA,8/18/2022,1046,N68836,ORD,23:59,23:41,114,102,-18,23:37,4,0,0,0,0,0
UA,8/18/2022,1559,N811UA,ORD,16:50,16:48,115,113,-2,16:43,5,0,0,0,0,0
UA,8/18/2022,2615,N890UA,IAD,23:35,23:16,73,62,-19,23:13,3,0,0,0,0,0
UA,8/19/2022,604,N463UA,DEN,15:10,15:14,199,203,4,15:10,4,0,0,0,0,0
UA,8/19/2022,1046,N37419,ORD,23:59,0:28,114,113,29,0:23,5,29,0,0,0,0
UA,8/19/2022,1559,N455UA,ORD,16:50,16:44,115,103,-6,16:41,3,0,0,0,0,0
UA,8/19/2022,2615,N847UA,IAD,23:35,23:37,73,78,2,23:33,4,0,0,0,0,0
UA,8/20/2022,604,N423UA,DEN,15:10,14:57,199,189,-13,14:53,4,0,0,0,0,0
UA,8/20/2022,776,N37456,ORD,0:15,0:50,114,140,35,0:45,5,9,0,26,0,0
UA,8/20/2022,2615,N893UA,IAD,23:35,23:28,73,69,-7,23:15,13,0,0,0,0,0
UA,8/21/2022,604,N460UA,DEN,15:10,15:12,199,202,2,15:07,5,0,0,0,0,0
UA,8/21/2022,1046,N61886,ORD,23:59,23:35,114,96,-24,23:29,6,0,0,0,0,0
UA,8/21/2022,1559,N37506,ORD,16:50,16:55,115,124,5,16:41,14,0,0,0,0,0
UA,8/21/2022,2615,N838UA,IAD,23:35,23:58,73,85,23,23:46,12,11,0,12,0,0
UA,8/22/2022,604,N424UA,DEN,15:10,15:12,199,200,2,15:06,6,0,0,0,0,0
UA,8/22/2022,1046,N69804,ORD,23:59,0:12,114,117,13,0:02,10,0,0,0,0,0
UA,8/22/2022,1559,N815UA,ORD,16:50,16:42,115,108,-8,16:38,4,0,0,0,0,0
UA,8/22/2022,2615,N802UA,IAD,23:35,23:49,73,75,14,23:42,7,0,0,0,0,0
UA,8/23/2022,604,N469UA,DEN,15:14,15:14,199,202,0,15:09,5,0,0,0,0,0
UA,8/23/2022,1046,N37521,ORD,23:59,0:07,114,128,8,23:39,28,0,0,0,0,0
UA,8/23/2022,1559,N801UA,ORD,16:50,16:42,115,113,-8,16:37,5,0,0,0,0,0
UA,8/23/2022,2615,N851UA,IAD,23:35,23:37,73,66,2,23:32,5,0,0,0,0,0
UA,8/24/2022,604,N491UA,DEN,15:14,15:42,198,233,28,15:38,4,0,0,28,0,0
UA,8/24/2022,1046,N69829,ORD,23:59,23:46,114,107,-13,23:35,11,0,0,0,0,0
UA,8/24/2022,1559,N423UA,ORD,16:50,16:38,115,103,-12,16:31,7,0,0,0,0,0
UA,8/24/2022,2615,N879UA,IAD,23:35,23:28,73,67,-7,23:23,5,0,0,0,0,0
UA,8/25/2022,604,N409UA,DEN,15:10,15:28,199,197,18,15:23,5,18,0,0,0,0
UA,8/25/2022,1046,N53441,ORD,23:59,23:59,114,105,0,23:53,6,0,0,0,0,0
UA,8/25/2022,1559,N421UA,ORD,16:50,16:30,115,101,-20,16:22,8,0,0,0,0,0
UA,8/25/2022,2615,N467UA,IAD,23:35,23:29,73,67,-6,23:24,5,0,0,0,0,0
UA,8/26/2022,604,N447UA,DEN,15:10,15:25,199,210,15,15:18,7,0,0,15,0,0
UA,8/26/2022,1046,N66825,ORD,23:59,23:58,114,109,-1,23:50,8,0,0,0,0,0
UA,8/26/2022,1559,N427UA,ORD,16:50,16:31,115,102,-19,16:26,5,0,0,0,0,0
UA,8/26/2022,2615,N852UA,IAD,23:35,0:08,73,97,33,23:57,11,9,0,24,0,0
UA,8/27/2022,604,N447UA,DEN,15:10,15:03,199,193,-7,14:58,5,0,0,0,0,0
UA,8/27/2022,776,N75435,ORD,0:15,0:02,114,103,-13,23:52,10,0,0,0,0,0
UA,8/27/2022,2615,N895UA,IAD,23:35,23:39,73,82,4,23:35,4,0,0,0,0,0
UA,8/28/2022,604,N447UA,DEN,15:10,15:08,199,193,-2,15:03,5,0,0,0,0,0
UA,8/28/2022,1046,N68453,ORD,23:59,0:46,114,120,47,0:40,6,0,41,6,0,0
UA,8/28/2022,1559,N416UA,ORD,16:50,16:30,115,100,-20,16:26,4,0,0,0,0,0
UA,8/28/2022,2615,N836UA,IAD,23:35,23:50,73,61,15,23:45,5,2,0,0,0,13
UA,8/29/2022,604,N408UA,DEN,15:10,15:04,199,198,-6,14:59,5,0,0,0,0,0
UA,8/29/2022,1046,N62883,ORD,23:59,1:05,114,122,66,0:51,14,26,0,8,0,32
UA,8/29/2022,1559,N837UA,ORD,16:50,0:00,115,0,0,0:00,0,0,0,0,0,0
UA,8/29/2022,2615,N854UA,IAD,23:35,0:34,73,64,59,0:29,5,59,0,0,0,0
UA,8/30/2022,604,N410UA,DEN,15:10,15:17,199,209,7,15:10,7,0,0,0,0,0
UA,8/30/2022,1046,N69816,ORD,23:59,23:54,114,109,-5,23:48,6,0,0,0,0,0
UA,8/30/2022,1559,N811UA,ORD,16:50,16:41,115,104,-9,16:34,7,0,0,0,0,0
UA,8/30/2022,2615,N854UA,IAD,23:35,23:28,73,67,-7,23:23,5,0,0,0,0,0
UA,8/31/2022,604,N470UA,DEN,15:10,14:57,199,193,-13,14:52,5,0,0,0,0,0
UA,8/31/2022,1046,N66848,ORD,23:59,0:08,114,101,9,0:03,5,0,0,0,0,0
UA,8/31/2022,1559,N893UA,ORD,16:50,16:35,115,102,-15,16:30,5,0,0,0,0,0
UA,8/31/2022,2615,N460UA,IAD,23:35,23:36,73,60,1,23:32,4,0,0,0,0,0
UA,9/1/2022,604,N410UA,DEN,15:10,15:17,199,204,7,15:12,5,0,0,0,0,0
UA,9/1/2022,1046,N68891,ORD,23:59,23:47,114,103,-12,23:43,4,0,0,0,0,0
UA,9/1/2022,1559,N892UA,ORD,16:50,17:02,115,122,12,16:51,11,0,0,0,0,0
UA,9/1/2022,2615,N414UA,IAD,23:35,23:19,73,65,-16,23:15,4,0,0,0,0,0
UA,9/2/2022,604,N410UA,DEN,15:10,15:04,199,195,-6,14:59,5,0,0,0,0,0
UA,9/2/2022,1046,N75425,ORD,23:59,23:41,114,97,-18,23:36,5,0,0,0,0,0
UA,9/2/2022,1559,N894UA,ORD,16:50,16:25,115,94,-25,16:21,4,0,0,0,0,0
UA,9/2/2022,2615,N837UA,IAD,23:35,23:12,73,61,-23,23:08,4,0,0,0,0,0
UA,9/3/2022,604,N429UA,DEN,15:10,15:21,199,211,11,15:16,5,0,0,0,0,0
UA,9/3/2022,776,N39461,ORD,0:15,23:51,114,98,-24,23:46,5,0,0,0,0,0
UA,9/3/2022,2615,N829UA,IAD,23:35,23:25,73,69,-10,23:19,6,0,0,0,0,0
UA,9/4/2022,604,N453UA,DEN,15:10,15:16,199,205,6,15:11,5,0,0,0,0,0
UA,9/4/2022,1046,N37466,ORD,23:59,23:50,114,113,-9,23:44,6,0,0,0,0,0
UA,9/4/2022,1559,N462UA,ORD,16:50,16:42,115,109,-8,16:38,4,0,0,0,0,0
UA,9/4/2022,2615,N807UA,IAD,23:35,23:29,73,67,-6,23:24,5,0,0,0,0,0
UA,9/5/2022,604,N453UA,DEN,15:10,15:17,199,207,7,15:14,3,0,0,0,0,0
UA,9/5/2022,1046,N822UA,ORD,23:59,23:58,114,116,-1,23:51,7,0,0,0,0,0
UA,9/5/2022,1559,N898UA,ORD,16:50,16:29,115,99,-21,16:21,8,0,0,0,0,0
UA,9/5/2022,2615,N823UA,IAD,23:35,23:37,73,78,2,23:32,5,0,0,0,0,0
UA,9/6/2022,333,N844UA,ORD,21:11,21:13,116,120,2,21:08,5,0,0,0,0,0
UA,9/6/2022,604,N873UA,DEN,15:09,15:01,200,196,-8,14:56,5,0,0,0,0,0
UA,9/6/2022,2360,N413UA,IAD,18:35,18:45,77,89,10,18:41,4,0,0,0,0,0
UA,9/6/2022,2419,N882UA,ORD,16:51,16:28,111,97,-23,16:24,4,0,0,0,0,0
UA,9/7/2022,333,N428UA,ORD,21:11,21:11,116,118,0,21:04,7,0,0,0,0,0
UA,9/7/2022,604,N892UA,DEN,15:10,15:13,200,203,3,15:08,5,0,0,0,0,0
UA,9/7/2022,2360,N486UA,IAD,18:35,19:14,77,71,39,19:07,7,39,0,0,0,0
UA,9/8/2022,599,N849UA,ORD,23:59,0:20,110,129,21,23:51,29,0,0,21,0,0
UA,9/8/2022,604,N813UA,DEN,15:10,15:23,200,216,13,15:17,6,0,0,0,0,0
UA,9/8/2022,2360,N425UA,IAD,18:35,18:16,77,64,-19,18:11,5,0,0,0,0,0
UA,9/9/2022,279,N77538,ORD,0:18,0:01,110,98,-17,23:56,5,0,0,0,0,0
UA,9/9/2022,604,N472UA,DEN,15:10,15:03,200,198,-7,14:55,8,0,0,0,0,0
UA,9/9/2022,2360,N416UA,IAD,18:35,19:20,77,84,45,19:16,4,38,0,7,0,0
UA,9/10/2022,599,N12238,ORD,23:59,23:31,110,89,-28,23:27,4,0,0,0,0,0
UA,9/10/2022,604,N851UA,DEN,15:10,15:00,200,195,-10,14:51,9,0,0,0,0,0
UA,9/11/2022,599,N806UA,ORD,23:59,23:48,110,102,-11,23:44,4,0,0,0,0,0
UA,9/11/2022,604,N897UA,DEN,15:10,15:09,200,201,-1,15:04,5,0,0,0,0,0
UA,9/11/2022,2360,N494UA,IAD,18:35,18:39,77,69,4,18:32,7,0,0,0,0,0
UA,9/12/2022,599,N849UA,ORD,23:59,23:45,110,103,-14,23:40,5,0,0,0,0,0
UA,9/12/2022,604,N820UA,DEN,15:10,15:03,200,197,-7,14:58,5,0,0,0,0,0
UA,9/12/2022,2360,N425UA,IAD,18:35,20:02,77,79,87,19:56,6,0,85,2,0,0
UA,9/13/2022,333,N880UA,ORD,21:11,21:08,116,118,-3,21:01,7,0,0,0,0,0
UA,9/13/2022,604,N854UA,DEN,15:10,15:29,200,222,19,15:24,5,0,0,19,0,0
UA,9/13/2022,2360,N460UA,IAD,18:35,18:33,77,66,-2,18:29,4,0,0,0,0,0
UA,9/14/2022,333,N446UA,ORD,21:11,21:04,116,114,-7,20:58,6,0,0,0,0,0
UA,9/14/2022,604,N820UA,DEN,15:10,15:08,200,199,-2,15:02,6,0,0,0,0,0
UA,9/14/2022,2360,N416UA,IAD,18:35,18:33,77,72,-2,18:25,8,0,0,0,0,0
UA,9/15/2022,599,N845UA,ORD,23:59,23:46,110,101,-13,23:41,5,0,0,0,0,0
UA,9/15/2022,604,N871UA,DEN,15:10,15:10,200,200,0,15:07,3,0,0,0,0,0
UA,9/15/2022,2360,N493UA,IAD,18:35,18:24,77,73,-11,18:17,7,0,0,0,0,0
UA,9/16/2022,279,N76514,ORD,0:18,1:51,110,97,93,1:46,5,93,0,0,0,0
UA,9/16/2022,604,N807UA,DEN,15:10,14:56,200,191,-14,14:51,5,0,0,0,0,0
UA,9/17/2022,599,N78509,ORD,23:59,23:37,110,95,-22,23:33,4,0,0,0,0,0
UA,9/17/2022,604,N896UA,DEN,15:10,14:58,200,192,-12,14:54,4,0,0,0,0,0
UA,9/18/2022,599,N813UA,ORD,23:59,23:43,110,103,-16,23:37,6,0,0,0,0,0
UA,9/18/2022,604,N897UA,DEN,15:10,14:58,200,196,-12,14:44,14,0,0,0,0,0
UA,9/18/2022,2360,N464UA,IAD,18:35,18:49,77,91,14,18:42,7,0,0,0,0,0
UA,9/19/2022,599,N891UA,ORD,23:59,23:50,110,107,-9,23:45,5,0,0,0,0,0
UA,9/19/2022,604,N805UA,DEN,15:10,15:28,200,205,18,15:22,6,13,0,5,0,0
UA,9/19/2022,2360,N496UA,IAD,18:35,18:35,77,72,0,18:28,7,0,0,0,0,0
UA,9/20/2022,333,N831UA,ORD,21:11,22:33,116,111,82,22:28,5,0,82,0,0,0
UA,9/20/2022,604,N847UA,DEN,15:10,15:07,200,203,-3,15:02,5,0,0,0,0,0
UA,9/20/2022,2360,N443UA,IAD,18:35,18:48,77,92,13,18:37,11,0,0,0,0,0
UA,9/21/2022,333,N422UA,ORD,21:11,21:12,116,119,1,21:07,5,0,0,0,0,0
UA,9/21/2022,604,N814UA,DEN,15:10,16:00,200,215,50,15:55,5,35,0,15,0,0
UA,9/21/2022,2360,N4901U,IAD,18:35,18:16,77,64,-19,18:10,6,0,0,0,0,0
UA,9/22/2022,599,N809UA,ORD,23:59,23:50,110,107,-9,23:38,12,0,0,0,0,0
UA,9/22/2022,604,N813UA,DEN,15:10,15:24,200,215,14,15:17,7,0,0,0,0,0
UA,9/22/2022,2360,N438UA,IAD,18:35,19:29,77,78,54,19:23,6,6,0,1,0,47
UA,9/23/2022,279,N78540,ORD,0:18,0:11,110,112,-7,0:04,7,0,0,0,0,0
UA,9/23/2022,604,N871UA,DEN,15:10,14:50,200,181,-20,14:47,3,0,0,0,0,0
UA,9/24/2022,599,N87512,ORD,23:59,23:51,110,107,-8,23:44,7,0,0,0,0,0
UA,9/24/2022,604,N454UA,DEN,15:10,14:57,200,190,-13,14:51,6,0,0,0,0,0
UA,9/25/2022,599,N898UA,ORD,23:59,0:04,110,122,5,23:56,8,0,0,0,0,0
UA,9/25/2022,604,N808UA,DEN,15:10,15:01,200,194,-9,14:57,4,0,0,0,0,0
UA,9/25/2022,2360,N429UA,IAD,18:35,20:06,77,114,91,20:00,6,54,0,37,0,0
UA,9/26/2022,599,N833UA,ORD,23:59,0:58,110,148,59,0:51,7,21,0,38,0,0
UA,9/26/2022,604,N835UA,DEN,15:10,15:12,200,205,2,15:07,5,0,0,0,0,0
UA,9/26/2022,2360,N455UA,IAD,18:35,18:30,77,67,-5,18:25,5,0,0,0,0,0
UA,9/27/2022,333,N872UA,ORD,21:11,21:13,116,123,2,21:08,5,0,0,0,0,0
UA,9/27/2022,604,N824UA,DEN,15:10,15:01,200,194,-9,14:56,5,0,0,0,0,0
UA,9/27/2022,2360,N410UA,IAD,18:35,18:30,77,74,-5,18:24,6,0,0,0,0,0
UA,9/28/2022,333,N485UA,ORD,21:11,20:52,116,104,-19,20:47,5,0,0,0,0,0
UA,9/28/2022,604,N807UA,DEN,15:10,15:07,200,201,-3,15:02,5,0,0,0,0,0
UA,9/28/2022,2360,N489UA,IAD,18:35,18:34,77,76,-1,18:29,5,0,0,0,0,0
UA,9/29/2022,604,N813UA,DEN,15:10,15:10,200,202,0,15:04,6,0,0,0,0,0
UA,9/29/2022,1795,N33714,EWR,22:41,22:35,73,62,-6,22:30,5,0,0,0,0,0
UA,9/29/2022,2131,N873UA,IAD,23:32,23:23,71,67,-9,23:19,4,0,0,0,0,0
UA,9/29/2022,2360,N478UA,IAD,18:35,18:27,77,74,-8,18:23,4,0,0,0,0,0
UA,9/30/2022,360,N37290,EWR,18:59,19:07,82,67,8,19:03,4,0,0,0,0,0
UA,9/30/2022,604,N819UA,DEN,15:09,15:00,200,195,-9,14:55,5,0,0,0,0,0
UA,9/30/2022,1917,N822UA,ORD,16:57,16:44,107,100,-13,16:41,3,0,0,0,0,0
UA,9/30/2022,1998,N849UA,ORD,21:18,20:55,117,99,-23,20:50,5,0,0,0,0,0
UA,9/30/2022,2198,N873UA,IAD,23:31,23:20,71,66,-11,23:16,4,0,0,0,0,0
UA,10/1/2022,604,N843UA,DEN,15:09,15:04,200,198,-5,14:59,5,0,0,0,0,0
UA,10/1/2022,1917,N899UA,ORD,16:57,16:54,107,108,-3,16:50,4,0,0,0,0,0
UA,10/1/2022,1998,N834UA,ORD,21:18,21:01,117,106,-17,20:55,6,0,0,0,0,0
UA,10/1/2022,2198,N854UA,IAD,23:31,23:52,71,65,21,23:48,4,21,0,0,0,0
UA,10/2/2022,604,N402UA,DEN,15:09,14:55,200,191,-14,14:50,5,0,0,0,0,0
UA,10/2/2022,1917,N882UA,ORD,16:47,16:34,107,100,-13,16:29,5,0,0,0,0,0
UA,10/2/2022,1998,N822UA,ORD,21:18,21:12,117,117,-6,21:08,4,0,0,0,0,0
UA,10/2/2022,2198,N854UA,IAD,23:31,23:32,71,71,1,23:27,5,0,0,0,0,0
UA,10/3/2022,604,N849UA,DEN,15:09,15:09,200,204,0,15:05,4,0,0,0,0,0
UA,10/3/2022,1917,N833UA,ORD,16:47,16:51,107,115,4,16:45,6,0,0,0,0,0
UA,10/3/2022,1998,N4888U,ORD,21:18,21:07,117,111,-11,21:00,7,0,0,0,0,0
UA,10/3/2022,2198,N830UA,IAD,23:31,23:21,71,69,-10,23:16,5,0,0,0,0,0
UA,10/4/2022,604,N875UA,DEN,15:09,15:24,200,210,15,15:17,7,0,0,15,0,0
UA,10/4/2022,1917,N825UA,ORD,16:47,16:44,107,109,-3,16:35,9,0,0,0,0,0
UA,10/4/2022,1998,N855UA,ORD,21:18,21:18,117,116,0,21:11,7,0,0,0,0,0
UA,10/4/2022,2198,N876UA,IAD,23:31,23:30,71,67,-1,23:26,4,0,0,0,0,0
UA,10/5/2022,604,N897UA,DEN,15:09,15:14,200,203,5,15:09,5,0,0,0,0,0
UA,10/5/2022,1917,N873UA,ORD,16:47,16:43,107,111,-4,16:38,5,0,0,0,0,0
UA,10/5/2022,1998,N448UA,ORD,21:18,21:07,117,114,-11,21:02,5,0,0,0,0,0
UA,10/5/2022,2198,N832UA,IAD,23:31,23:31,71,75,0,23:22,9,0,0,0,0,0
UA,10/6/2022,604,N829UA,DEN,15:09,15:08,200,200,-1,15:02,6,0,0,0,0,0
UA,10/6/2022,1917,N849UA,ORD,16:47,16:34,107,100,-13,16:30,4,0,0,0,0,0
UA,10/6/2022,1998,N834UA,ORD,21:18,21:08,117,104,-10,21:02,6,0,0,0,0,0
UA,10/6/2022,2198,N830UA,IAD,23:31,23:17,71,65,-14,23:12,5,0,0,0,0,0
UA,10/7/2022,360,N69847,EWR,19:02,18:54,82,79,-8,18:47,7,0,0,0,0,0
UA,10/7/2022,604,N880UA,DEN,15:09,15:12,200,191,3,15:07,5,0,0,0,0,0
UA,10/7/2022,1917,N809UA,ORD,16:47,16:29,107,96,-18,16:24,5,0,0,0,0,0
UA,10/7/2022,1998,N811UA,ORD,21:18,21:06,117,108,-12,21:01,5,0,0,0,0,0
UA,10/7/2022,2198,N416UA,IAD,23:31,23:24,71,64,-7,23:19,5,0,0,0,0,0
UA,10/8/2022,604,N850UA,DEN,15:09,15:04,200,198,-5,15:00,4,0,0,0,0,0
UA,10/8/2022,1917,N810UA,ORD,16:47,16:39,107,101,-8,16:34,5,0,0,0,0,0
UA,10/8/2022,1998,N876UA,ORD,21:18,21:11,117,108,-7,21:06,5,0,0,0,0,0
UA,10/8/2022,2198,N427UA,IAD,23:31,0:00,71,0,0,0:00,0,0,0,0,0,0
UA,10/9/2022,604,N820UA,DEN,15:09,15:06,200,209,-3,15:00,6,0,0,0,0,0
UA,10/9/2022,1917,N872UA,ORD,16:47,16:34,107,98,-13,16:29,5,0,0,0,0,0
UA,10/9/2022,1998,N822UA,ORD,21:18,20:58,117,101,-20,20:53,5,0,0,0,0,0
UA,10/9/2022,2198,N427UA,IAD,23:31,23:25,71,72,-6,23:12,13,0,0,0,0,0
UA,10/10/2022,604,N423UA,DEN,15:09,14:56,200,194,-13,14:51,5,0,0,0,0,0
UA,10/10/2022,1917,N806UA,ORD,16:47,17:13,107,97,26,17:07,6,26,0,0,0,0
UA,10/10/2022,1998,N872UA,ORD,21:18,21:07,117,107,-11,21:01,6,0,0,0,0,0
UA,10/10/2022,2198,N475UA,IAD,23:31,23:26,71,79,-5,23:22,4,0,0,0,0,0
UA,10/11/2022,604,N882UA,DEN,15:09,15:06,200,203,-3,15:02,4,0,0,0,0,0
UA,10/11/2022,1917,N899UA,ORD,16:47,16:37,107,105,-10,16:32,5,0,0,0,0,0
UA,10/11/2022,1998,N889UA,ORD,21:18,21:04,117,105,-14,20:59,5,0,0,0,0,0
UA,10/11/2022,2198,N465UA,IAD,23:31,23:18,71,67,-13,23:13,5,0,0,0,0,0
UA,10/12/2022,604,N897UA,DEN,15:09,14:55,200,180,-14,14:51,4,0,0,0,0,0
UA,10/12/2022,1917,N891UA,ORD,16:47,16:38,107,107,-9,16:34,4,0,0,0,0,0
UA,10/12/2022,1998,N815UA,ORD,21:18,20:58,117,101,-20,20:54,4,0,0,0,0,0
UA,10/12/2022,2198,N465UA,IAD,23:31,23:23,71,69,-8,23:18,5,0,0,0,0,0
UA,10/13/2022,604,N889UA,DEN,15:09,15:07,200,199,-2,15:00,7,0,0,0,0,0
UA,10/13/2022,1917,N850UA,ORD,16:47,16:43,107,105,-4,16:40,3,0,0,0,0,0
UA,10/13/2022,1998,N891UA,ORD,21:18,21:14,117,114,-4,21:07,7,0,0,0,0,0
UA,10/13/2022,2198,N449UA,IAD,23:31,23:20,71,64,-11,23:16,4,0,0,0,0,0
UA,10/14/2022,360,N66841,EWR,19:02,18:48,82,53,-14,18:44,4,0,0,0,0,0
UA,10/14/2022,604,N842UA,DEN,15:09,14:54,200,188,-15,14:48,6,0,0,0,0,0
UA,10/14/2022,1917,N848UA,ORD,16:47,16:39,107,100,-8,16:33,6,0,0,0,0,0
UA,10/14/2022,1998,N895UA,ORD,21:18,21:09,117,114,-9,21:03,6,0,0,0,0,0
UA,10/14/2022,2198,N805UA,IAD,23:31,23:22,71,68,-9,23:17,5,0,0,0,0,0
UA,10/15/2022,604,N494UA,DEN,15:09,14:56,200,193,-13,14:51,5,0,0,0,0,0
UA,10/15/2022,1917,N4888U,ORD,16:47,16:35,107,98,-12,16:31,4,0,0,0,0,0
UA,10/15/2022,1998,N896UA,ORD,21:18,21:02,117,107,-16,20:57,5,0,0,0,0,0
UA,10/15/2022,2198,N805UA,IAD,23:31,23:25,71,62,-6,23:20,5,0,0,0,0,0
UA,10/16/2022,604,N822UA,DEN,15:09,15:09,200,194,0,15:05,4,0,0,0,0,0
UA,10/16/2022,1917,N832UA,ORD,16:47,16:29,107,96,-18,16:24,5,0,0,0,0,0
UA,10/16/2022,1998,N808UA,ORD,21:18,21:06,117,116,-12,21:02,4,0,0,0,0,0
UA,10/16/2022,2198,N811UA,IAD,23:31,23:21,71,66,-10,23:16,5,0,0,0,0,0
UA,10/17/2022,604,N820UA,DEN,15:09,15:06,200,197,-3,15:01,5,0,0,0,0,0
UA,10/17/2022,1917,N815UA,ORD,16:47,16:37,107,102,-10,16:32,5,0,0,0,0,0
UA,10/17/2022,1998,N823UA,ORD,21:18,21:07,117,116,-11,21:01,6,0,0,0,0,0
UA,10/17/2022,2198,N462UA,IAD,23:31,23:09,71,61,-22,23:04,5,0,0,0,0,0
UA,10/18/2022,604,N844UA,DEN,15:09,15:09,200,203,0,15:05,4,0,0,0,0,0
UA,10/18/2022,1917,N829UA,ORD,16:47,16:41,107,105,-6,16:36,5,0,0,0,0,0
UA,10/18/2022,1998,N835UA,ORD,21:18,21:14,117,120,-4,21:06,8,0,0,0,0,0
UA,10/18/2022,2198,N427UA,IAD,23:31,0:19,71,62,48,0:15,4,48,0,0,0,0
UA,10/19/2022,604,N896UA,DEN,15:09,14:57,200,196,-12,14:52,5,0,0,0,0,0
UA,10/19/2022,1917,N846UA,ORD,16:47,16:43,107,106,-4,16:36,7,0,0,0,0,0
UA,10/19/2022,1998,N839UA,ORD,21:18,21:00,117,104,-18,20:56,4,0,0,0,0,0
UA,10/19/2022,2198,N491UA,IAD,23:31,23:20,71,73,-11,23:12,8,0,0,0,0,0
UA,10/20/2022,604,N850UA,DEN,15:09,15:13,200,209,4,15:07,6,0,0,0,0,0
UA,10/20/2022,1917,N814UA,ORD,16:47,16:29,107,101,-18,16:25,4,0,0,0,0,0
UA,10/20/2022,1998,N829UA,ORD,21:18,21:10,117,112,-8,21:06,4,0,0,0,0,0
UA,10/20/2022,2198,N452UA,IAD,23:31,23:26,71,67,-5,23:21,5,0,0,0,0,0
UA,10/21/2022,360,N69826,EWR,19:02,18:50,82,60,-12,18:45,5,0,0,0,0,0
UA,10/21/2022,604,N896UA,DEN,15:09,15:11,200,199,2,15:05,6,0,0,0,0,0
UA,10/21/2022,1917,N827UA,ORD,16:47,16:29,107,95,-18,16:25,4,0,0,0,0,0
UA,10/21/2022,1998,N895UA,ORD,21:18,20:59,117,102,-19,20:54,5,0,0,0,0,0
UA,10/21/2022,2198,N424UA,IAD,23:31,23:37,71,70,6,23:32,5,0,0,0,0,0
UA,10/22/2022,604,N833UA,DEN,15:09,14:55,200,194,-14,14:51,4,0,0,0,0,0
UA,10/22/2022,1917,N895UA,ORD,16:59,16:52,107,101,-7,16:47,5,0,0,0,0,0
UA,10/22/2022,1998,N834UA,ORD,21:18,21:13,117,117,-5,21:09,4,0,0,0,0,0
UA,10/22/2022,2198,N892UA,IAD,23:31,23:13,71,60,-18,23:10,3,0,0,0,0,0
UA,10/23/2022,604,N889UA,DEN,15:09,15:05,200,198,-4,15:00,5,0,0,0,0,0
UA,10/23/2022,1917,N816UA,ORD,16:47,16:39,107,100,-8,16:35,4,0,0,0,0,0
UA,10/23/2022,1998,N851UA,ORD,21:18,21:09,117,112,-9,21:02,7,0,0,0,0,0
UA,10/23/2022,2198,N878UA,IAD,23:31,23:18,71,65,-13,23:13,5,0,0,0,0,0
UA,10/24/2022,604,N896UA,DEN,15:09,14:56,200,191,-13,14:51,5,0,0,0,0,0
UA,10/24/2022,1917,N805UA,ORD,16:47,16:30,107,94,-17,16:23,7,0,0,0,0,0
UA,10/24/2022,1998,N848UA,ORD,21:18,21:24,117,99,6,21:20,4,0,0,0,0,0
UA,10/24/2022,2198,N831UA,IAD,23:31,23:32,71,74,1,23:26,6,0,0,0,0,0
UA,10/25/2022,604,N826UA,DEN,15:09,15:00,200,195,-9,14:55,5,0,0,0,0,0
UA,10/25/2022,1917,N845UA,ORD,16:47,17:01,107,124,14,16:29,32,0,0,0,0,0
UA,10/25/2022,1998,N890UA,ORD,21:18,20:58,117,101,-20,20:52,6,0,0,0,0,0
UA,10/25/2022,2198,N873UA,IAD,23:31,23:20,71,67,-11,23:16,4,0,0,0,0,0
UA,10/26/2022,604,N843UA,DEN,15:09,14:50,200,189,-19,14:42,8,0,0,0,0,0
UA,10/26/2022,1917,N830UA,ORD,16:47,16:33,107,98,-14,16:28,5,0,0,0,0,0
UA,10/26/2022,1998,N805UA,ORD,21:18,21:06,117,108,-12,21:00,6,0,0,0,0,0
UA,10/26/2022,2198,N845UA,IAD,23:31,23:23,71,67,-8,23:18,5,0,0,0,0,0
UA,10/27/2022,604,N852UA,DEN,15:09,15:13,200,207,4,15:08,5,0,0,0,0,0
UA,10/27/2022,1917,N803UA,ORD,16:47,16:37,107,102,-10,16:32,5,0,0,0,0,0
UA,10/27/2022,1998,N830UA,ORD,21:18,21:03,117,107,-15,20:59,4,0,0,0,0,0
UA,10/27/2022,2198,N813UA,IAD,23:31,23:22,71,68,-9,23:18,4,0,0,0,0,0
UA,10/28/2022,360,N37470,EWR,19:02,18:47,82,72,-15,18:44,3,0,0,0,0,0
UA,10/28/2022,604,N408UA,DEN,15:09,16:01,200,198,52,15:57,4,42,0,0,0,10
UA,10/28/2022,1917,N829UA,ORD,16:47,16:50,107,115,3,16:24,26,0,0,0,0,0
UA,10/28/2022,1998,N882UA,ORD,21:18,21:06,117,117,-12,21:02,4,0,0,0,0,0
UA,10/28/2022,2198,N845UA,IAD,23:31,23:10,71,63,-21,23:07,3,0,0,0,0,0
UA,10/29/2022,604,N836UA,DEN,15:09,15:07,200,203,-2,15:03,4,0,0,0,0,0
UA,10/29/2022,1917,N829UA,ORD,16:47,16:34,107,99,-13,16:28,6,0,0,0,0,0
UA,10/29/2022,2198,N447UA,IAD,23:31,23:16,71,66,-15,23:12,4,0,0,0,0,0
UA,10/30/2022,604,N825UA,DEN,14:57,14:49,194,190,-8,14:45,4,0,0,0,0,0
UA,10/30/2022,1998,N438UA,ORD,21:04,20:48,114,98,-16,20:44,4,0,0,0,0,0
UA,10/31/2022,604,N873UA,DEN,14:57,15:11,194,200,14,15:07,4,0,0,0,0,0
UA,10/31/2022,1998,N422UA,ORD,21:04,20:59,114,112,-5,20:54,5,0,0,0,0,0
UA,11/1/2022,604,N809UA,DEN,14:57,15:01,194,201,4,14:55,6,0,0,0,0,0
UA,11/1/2022,1998,N464UA,ORD,21:08,21:22,114,105,14,21:16,6,0,0,0,0,0
UA,11/2/2022,604,N4901U,DEN,14:57,16:15,194,189,78,16:10,5,78,0,0,0,0
UA,11/2/2022,1998,N449UA,ORD,21:08,21:06,114,118,-2,21:01,5,0,0,0,0,0
UA,11/3/2022,604,N4888U,DEN,14:57,16:55,194,179,118,16:50,5,51,0,0,0,67
UA,11/3/2022,1998,N449UA,ORD,21:08,20:35,114,99,-33,20:31,4,0,0,0,0,0
UA,11/4/2022,604,N843UA,DEN,14:57,14:52,194,192,-5,14:34,18,0,0,0,0,0
UA,11/4/2022,1998,N449UA,ORD,21:08,21:01,114,94,-7,20:57,4,0,0,0,0,0
UA,11/5/2022,604,N843UA,DEN,14:57,14:53,194,191,-4,14:39,14,0,0,0,0,0
UA,11/5/2022,1998,N451UA,ORD,22:39,1:43,112,94,184,1:38,5,23,0,0,0,161
UA,11/6/2022,604,N811UA,DEN,14:57,14:51,194,187,-6,14:30,21,0,0,0,0,0
UA,11/6/2022,1998,N421UA,ORD,21:04,20:44,114,102,-20,20:38,6,0,0,0,0,0
UA,11/7/2022,604,N850UA,DEN,14:57,15:15,194,179,18,15:12,3,0,0,0,0,18
UA,11/7/2022,1998,N451UA,ORD,21:04,21:35,114,93,31,21:31,4,5,0,0,0,26
UA,11/8/2022,604,N835UA,DEN,14:57,14:58,194,195,1,14:53,5,0,0,0,0,0
UA,11/8/2022,1998,N458UA,ORD,21:04,20:43,114,99,-21,20:38,5,0,0,0,0,0
UA,11/9/2022,604,N843UA,DEN,14:57,14:45,194,186,-12,14:40,5,0,0,0,0,0
UA,11/9/2022,1998,N408UA,ORD,21:04,20:45,114,96,-19,20:40,5,0,0,0,0,0
UA,11/10/2022,604,N845UA,DEN,14:57,15:00,194,191,3,14:55,5,0,0,0,0,0
UA,11/10/2022,1998,N489UA,ORD,21:04,20:52,114,107,-12,20:48,4,0,0,0,0,0
UA,11/11/2022,604,N895UA,DEN,14:57,15:10,194,190,13,15:04,6,0,0,0,0,0
UA,11/11/2022,1998,N484UA,ORD,21:04,21:10,114,103,6,21:04,6,0,0,0,0,0
UA,11/12/2022,604,N804UA,DEN,14:57,15:00,194,190,3,14:54,6,0,0,0,0,0
UA,11/12/2022,1998,N35271,ORD,22:43,22:33,112,107,-10,22:27,6,0,0,0,0,0
UA,11/13/2022,604,N898UA,DEN,14:57,14:50,194,189,-7,14:43,7,0,0,0,0,0
UA,11/13/2022,1998,N890UA,ORD,21:04,20:47,114,101,-17,20:42,5,0,0,0,0,0
UA,11/14/2022,604,N838UA,DEN,14:57,14:48,194,187,-9,14:43,5,0,0,0,0,0
UA,11/14/2022,1998,N831UA,ORD,21:04,20:46,114,97,-18,20:41,5,0,0,0,0,0
UA,11/15/2022,604,N838UA,DEN,14:57,14:47,194,184,-10,14:43,4,0,0,0,0,0
UA,11/15/2022,1998,N876UA,ORD,21:04,20:53,114,95,-11,20:48,5,0,0,0,0,0
UA,11/16/2022,604,N811UA,DEN,14:57,15:37,194,201,40,15:32,5,33,0,7,0,0
UA,11/16/2022,1998,N840UA,ORD,21:04,20:54,114,107,-10,20:49,5,0,0,0,0,0
UA,11/17/2022,604,N878UA,DEN,14:57,16:04,194,221,67,15:59,5,40,0,27,0,0
UA,11/17/2022,1998,N829UA,ORD,21:04,22:03,114,101,59,21:58,5,0,0,0,0,59
UA,11/18/2022,604,N814UA,DEN,14:57,15:20,194,204,23,15:04,16,10,0,10,0,3
UA,11/18/2022,1998,N821UA,ORD,21:04,21:18,114,115,14,21:14,4,0,0,0,0,0
UA,11/19/2022,604,N896UA,DEN,14:57,15:07,194,196,10,15:00,7,0,0,0,0,0
UA,11/19/2022,1998,N462UA,ORD,22:39,22:48,112,103,9,22:43,5,0,0,0,0,0
UA,11/20/2022,604,N814UA,DEN,14:57,14:55,194,192,-2,14:50,5,0,0,0,0,0
UA,11/20/2022,1998,N804UA,ORD,21:04,20:58,114,111,-6,20:53,5,0,0,0,0,0
UA,11/21/2022,604,N877UA,DEN,14:57,14:44,194,189,-13,14:39,5,0,0,0,0,0
UA,11/21/2022,1998,N822UA,ORD,21:07,20:47,114,101,-20,20:42,5,0,0,0,0,0
UA,11/22/2022,604,N841UA,DEN,14:57,14:58,194,189,1,14:54,4,0,0,0,0,0
UA,11/22/2022,1998,N833UA,ORD,21:07,20:50,114,103,-17,20:46,4,0,0,0,0,0
UA,11/23/2022,604,N836UA,DEN,14:57,15:02,194,196,5,14:56,6,0,0,0,0,0
UA,11/23/2022,1998,N830UA,ORD,21:07,20:51,114,105,-16,20:47,4,0,0,0,0,0
UA,11/24/2022,451,N890UA,ORD,13:34,13:06,109,90,-28,13:02,4,0,0,0,0,0
UA,11/25/2022,604,N848UA,DEN,14:57,15:01,194,200,4,14:55,6,0,0,0,0,0
UA,11/25/2022,1998,N489UA,ORD,21:07,20:59,114,115,-8,20:54,5,0,0,0,0,0
UA,11/26/2022,604,N848UA,DEN,14:57,14:44,194,188,-13,14:40,4,0,0,0,0,0
UA,11/26/2022,1998,N492UA,ORD,22:39,22:19,112,101,-20,22:14,5,0,0,0,0,0
UA,11/27/2022,604,N881UA,DEN,14:57,14:58,194,191,1,14:54,4,0,0,0,0,0
UA,11/27/2022,1998,N802UA,ORD,20:54,20:42,114,105,-12,20:35,7,0,0,0,0,0
UA,11/28/2022,411,N489UA,ORD,2:58,2:43,105,98,-15,2:37,6,0,0,0,0,0
UA,11/28/2022,604,N881UA,DEN,14:57,14:52,194,188,-5,14:48,4,0,0,0,0,0
UA,11/28/2022,1998,N892UA,ORD,21:07,20:56,114,112,-11,20:51,5,0,0,0,0,0
UA,11/29/2022,604,N845UA,DEN,14:57,15:10,194,207,13,15:04,6,0,0,0,0,0
UA,11/29/2022,1998,N830UA,ORD,21:10,20:49,114,94,-21,20:45,4,0,0,0,0,0
UA,11/30/2022,308,N438UA,EWR,23:16,22:57,77,66,-19,22:51,6,0,0,0,0,0
UA,11/30/2022,604,N877UA,DEN,14:57,15:09,194,177,12,15:04,5,0,0,0,0,0
UA,11/30/2022,1998,N814UA,ORD,21:04,20:40,114,97,-24,20:36,4,0,0,0,0,0
UA,12/1/2022,308,N435UA,EWR,23:16,23:33,77,58,17,23:27,6,0,0,0,0,17
UA,12/1/2022,604,N818UA,DEN,14:57,14:40,194,184,-17,14:35,5,0,0,0,0,0
UA,12/1/2022,1998,N837UA,ORD,21:04,21:17,114,108,13,21:11,6,0,0,0,0,0
UA,12/2/2022,604,N818UA,DEN,14:57,14:37,194,176,-20,14:32,5,0,0,0,0,0
UA,12/2/2022,1998,N850UA,ORD,21:04,20:46,114,103,-18,20:41,5,0,0,0,0,0
UA,12/3/2022,358,N838UA,EWR,23:17,22:55,78,64,-22,22:50,5,0,0,0,0,0
UA,12/3/2022,604,N840UA,DEN,14:57,14:38,194,180,-19,14:32,6,0,0,0,0,0
UA,12/3/2022,1998,N851UA,ORD,22:39,22:34,112,111,-5,22:29,5,0,0,0,0,0
UA,12/4/2022,308,N896UA,EWR,23:16,22:59,77,62,-17,22:53,6,0,0,0,0,0
UA,12/4/2022,604,N840UA,DEN,14:57,14:37,194,181,-20,14:32,5,0,0,0,0,0
UA,12/4/2022,1998,N807UA,ORD,21:04,20:58,114,110,-6,20:54,4,0,0,0,0,0
UA,12/5/2022,308,N894UA,EWR,23:16,22:47,77,55,-29,22:44,3,0,0,0,0,0
UA,12/5/2022,604,N840UA,DEN,14:57,14:24,194,167,-33,14:20,4,0,0,0,0,0
UA,12/5/2022,1998,N452UA,ORD,21:04,20:36,114,95,-28,20:32,4,0,0,0,0,0
UA,12/6/2022,604,N875UA,DEN,14:57,14:42,194,174,-15,14:38,4,0,0,0,0,0
UA,12/6/2022,1998,N463UA,ORD,21:04,20:36,114,94,-28,20:33,3,0,0,0,0,0
UA,12/7/2022,308,N802UA,EWR,23:16,23:41,77,52,25,23:37,4,0,0,0,0,25
UA,12/7/2022,604,N820UA,DEN,14:57,14:29,194,169,-28,14:24,5,0,0,0,0,0
UA,12/7/2022,1998,N840UA,ORD,21:04,20:59,114,108,-5,20:54,5,0,0,0,0,0
UA,12/8/2022,308,N839UA,EWR,23:16,23:04,77,71,-12,23:00,4,0,0,0,0,0
UA,12/8/2022,604,N823UA,DEN,14:57,15:45,194,174,48,15:40,5,48,0,0,0,0
UA,12/8/2022,1998,N822UA,ORD,21:04,20:54,114,106,-10,20:51,3,0,0,0,0,0
UA,12/9/2022,604,N823UA,DEN,14:57,14:53,194,191,-4,14:47,6,0,0,0,0,0
UA,12/9/2022,1998,N840UA,ORD,21:04,20:51,114,98,-13,20:47,4,0,0,0,0,0
UA,12/10/2022,358,N850UA,EWR,23:17,0:39,78,57,82,0:35,4,82,0,0,0,0
UA,12/10/2022,604,N830UA,DEN,14:57,14:38,194,185,-19,14:26,12,0,0,0,0,0
UA,12/10/2022,1998,N425UA,ORD,22:39,22:25,112,106,-14,22:20,5,0,0,0,0,0
UA,12/11/2022,308,N816UA,EWR,23:16,2:18,77,72,182,2:14,4,10,0,0,0,172
UA,12/11/2022,604,N890UA,DEN,14:57,14:45,194,183,-12,14:41,4,0,0,0,0,0
UA,12/11/2022,1998,N894UA,ORD,21:04,20:46,114,104,-18,20:40,6,0,0,0,0,0
UA,12/12/2022,308,N832UA,EWR,23:16,23:38,77,57,22,23:34,4,22,0,0,0,0
UA,12/12/2022,604,N890UA,DEN,14:57,14:49,194,190,-8,14:43,6,0,0,0,0,0
UA,12/12/2022,1998,N422UA,ORD,21:04,20:58,114,114,-6,20:52,6,0,0,0,0,0
UA,12/13/2022,604,N835UA,DEN,14:57,16:00,194,242,63,15:55,5,15,0,48,0,0
UA,12/13/2022,1998,N460UA,ORD,21:04,20:58,114,115,-6,20:53,5,0,0,0,0,0
UA,12/14/2022,308,N498UA,EWR,23:16,23:12,77,70,-4,23:08,4,0,0,0,0,0
UA,12/14/2022,604,N835UA,DEN,14:57,15:00,194,195,3,14:51,9,0,0,0,0,0
UA,12/14/2022,1998,N805UA,ORD,21:04,20:55,114,98,-9,20:51,4,0,0,0,0,0
UA,12/15/2022,604,N433UA,DEN,14:58,14:58,193,198,0,14:51,7,0,0,0,0,0
UA,12/15/2022,1998,N826UA,ORD,21:07,0:01,113,143,174,23:43,18,0,0,30,0,144
UA,12/15/2022,2488,N27261,EWR,23:14,23:34,75,79,20,23:28,6,16,0,4,0,0
UA,12/16/2022,604,N820UA,DEN,14:58,15:38,193,188,40,15:34,4,0,0,0,0,40
UA,12/16/2022,1998,N878UA,ORD,21:07,22:05,113,130,58,21:51,14,25,0,17,0,16
UA,12/17/2022,604,N442UA,DEN,14:58,15:33,193,194,35,15:27,6,34,0,1,0,0
UA,12/17/2022,2645,N17752,ORD,23:57,23:49,107,103,-8,23:44,5,0,0,0,0,0
UA,12/18/2022,604,N836UA,DEN,15:01,15:22,193,198,21,15:17,5,1,0,5,0,15
UA,12/18/2022,2488,N470UA,EWR,23:14,0:04,75,74,50,23:56,8,27,0,0,0,23
UA,12/18/2022,2645,N23707,ORD,23:57,23:37,107,93,-20,23:32,5,0,0,0,0,0
UA,12/19/2022,604,N845UA,DEN,15:01,16:05,193,192,64,16:01,4,64,0,0,0,0
UA,12/19/2022,1998,N849UA,ORD,21:07,20:56,113,105,-11,20:44,12,0,0,0,0,0
UA,12/19/2022,2488,N39297,EWR,23:14,23:04,75,66,-10,22:58,6,0,0,0,0,0
UA,12/20/2022,604,N894UA,DEN,14:58,15:02,193,189,4,14:57,5,0,0,0,0,0
UA,12/20/2022,1998,N808UA,ORD,21:07,21:16,113,119,9,21:06,10,0,0,0,0,0
UA,12/20/2022,2488,N78524,EWR,23:14,23:42,75,65,28,23:38,4,20,0,0,0,8
UA,12/21/2022,604,N848UA,DEN,14:58,15:16,193,207,18,15:12,4,0,0,18,0,0
UA,12/21/2022,1998,N471UA,ORD,21:07,20:40,113,90,-27,20:34,6,0,0,0,0,0
UA,12/21/2022,2488,N27266,EWR,23:14,23:29,75,63,15,23:24,5,3,0,0,0,12
UA,12/22/2022,604,N814UA,DEN,14:58,16:12,193,196,74,16:07,5,69,0,3,0,2
UA,12/22/2022,1998,N816UA,ORD,21:07,21:37,113,104,30,21:32,5,0,30,0,0,0
UA,12/22/2022,2488,N479UA,EWR,23:14,0:19,75,84,65,0:14,5,56,0,9,0,0
UA,12/23/2022,604,N854UA,DEN,14:58,15:12,193,201,14,15:06,6,0,0,0,0,0
UA,12/23/2022,1998,N808UA,ORD,21:07,13:33,113,114,986,13:29,4,0,985,1,0,0
UA,12/23/2022,2488,,EWR,23:14,0:00,75,0,0,0:00,0,0,0,0,0,0
UA,12/24/2022,604,N875UA,DEN,14:58,15:17,193,197,19,15:10,7,15,0,4,0,0
UA,12/24/2022,1998,N12754,ORD,21:08,22:04,113,136,56,21:26,38,0,11,23,0,22
UA,12/24/2022,2488,N66897,EWR,23:26,5:46,75,71,380,5:41,5,91,0,0,0,289
UA,12/25/2022,604,N828UA,DEN,14:58,15:30,193,191,32,15:25,5,32,0,0,0,0
UA,12/25/2022,2488,,EWR,23:14,0:00,75,0,0,0:00,0,0,0,0,0,0
UA,12/25/2022,2645,N16701,ORD,23:57,0:07,107,101,10,0:01,6,0,0,0,0,0
UA,12/26/2022,604,N495UA,DEN,15:01,15:05,193,208,4,14:59,6,0,0,0,0,0
UA,12/26/2022,1968,,IAD,23:12,0:00,72,0,0,0:00,0,0,0,0,0,0
UA,12/26/2022,1998,N875UA,ORD,21:07,21:48,113,105,41,21:42,6,41,0,0,0,0
UA,12/27/2022,604,N812UA,DEN,14:58,15:53,193,223,55,15:48,5,25,0,30,0,0
UA,12/27/2022,1998,N401UA,ORD,21:07,20:56,113,98,-11,20:50,6,0,0,0,0,0
UA,12/27/2022,2488,N27724,EWR,23:14,0:12,75,59,58,0:06,6,48,0,0,0,10
UA,12/28/2022,604,N4888U,DEN,14:58,14:50,193,189,-8,14:45,5,0,0,0,0,0
UA,12/28/2022,1998,N825UA,ORD,21:07,21:36,113,101,29,21:31,5,5,0,0,0,24
UA,12/28/2022,2488,N47282,EWR,23:14,23:19,75,67,5,23:12,7,0,0,0,0,0
UA,12/29/2022,604,N898UA,DEN,14:58,16:14,193,197,76,16:09,5,72,0,4,0,0
UA,12/29/2022,1998,N894UA,ORD,21:07,21:28,113,117,21,21:22,6,17,0,4,0,0
UA,12/29/2022,2488,N415UA,EWR,23:14,22:51,75,55,-23,22:45,6,0,0,0,0,0
UA,12/30/2022,604,N854UA,DEN,14:58,15:15,193,201,17,15:10,5,9,0,8,0,0
UA,12/30/2022,1998,N872UA,ORD,21:07,20:56,113,105,-11,20:51,5,0,0,0,0,0
UA,12/30/2022,2488,N27251,EWR,23:14,23:07,75,50,-7,23:03,4,0,0,0,0,0
UA,12/31/2022,604,N801UA,DEN,14:58,14:46,193,178,-12,14:39,7,0,0,0,0,0
UA,12/31/2022,1998,N23707,ORD,21:08,20:44,113,98,-24,20:40,4,0,0,0,0,0
UA,12/31/2022,2488,N37427,EWR,23:14,0:46,75,73,92,0:40,6,92,0,0,0,0
